Brand,Model,Storage ,RAM ,Screen Size (inches),Camera (MP),Battery Capacity (mAh),Price ($),ImageURL
Apple,iPhone 13 Pro,128 GB,6 GB,6.1,12 + 12 + 12,3095,999,https://store.storeimages.cdn-apple.com/4982/as-images.apple.com/is/iphone-card-40-iphone16prohero-202409?wid=680&hei=528&fmt=p-jpg&qlt=95&.v=1725567335931
Samsung,Galaxy S21 Ultra,256 GB,12 GB,6.8,108 + 10 + 10 + 12,5000,1199,https://image-us.samsung.com/us/smartphones/galaxy-s24/all-gallery/01_E3_TitaniumGray_Lockup_1600x1200.jpg?$product-card-small-jpg$
OnePlus,9 Pro,128 GB,8 GB,6.7,48 + 50 + 8 + 2,4500,899,"https://image01-eu.oneplus.net/media/202407/12/88a5d58ec62e1ad07ca2a9ec6a7a9fdd.png?x-amz-process=image/format,webp/quality,Q_80"
Xiaomi,Redmi Note 10 Pro,128 GB,6 GB,6.67,64 + 8 + 5 + 2,5020,279,https://i02.appmifile.com/669_item_id/05/09/2024/81dcc3ebccfa92b5c364a77e3785bfae.png?thumb=1&w=500&f=webp&q=85
Google,Pixel 6,128 GB,8 GB,6.4,50 + 12.2,4614,799,https://lh3.googleusercontent.com/lA9N8SRML5QcGozPoXUWgcDEBsOtuyu6MgYJmm8nOzVtwc52GTu7fNhPp16fFsxxjxs4zwDDAv-1VbTO1CR0HYHsGxIcLG_z_IiS
Apple,iPhone 13,128 GB,4 GB,6.1,12 + 12,2815,799,https://store.storeimages.cdn-apple.com/4982/as-images.apple.com/is/iphone-card-40-iphone16prohero-202409?wid=680&hei=528&fmt=p-jpg&qlt=95&.v=1725567335931
Samsung,Galaxy Z Flip3,256 GB,8 GB,6.7,12 + 12,3300,999,https://image-us.samsung.com/us/smartphones/galaxy-s24/all-gallery/01_E3_TitaniumGray_Lockup_1600x1200.jpg?$product-card-small-jpg$
Xiaomi,Poco X3 Pro,128 GB,6 GB,6.67,48 + 8 + 2 + 2,5160,249,https://i02.appmifile.com/669_item_id/05/09/2024/81dcc3ebccfa92b5c364a77e3785bfae.png?thumb=1&w=500&f=webp&q=85
Oppo,Reno6 Pro+ 5G,128 GB,8 GB,6.55,50 + 13 + 16 + 2,4500,699,https://thumbor.oppo.co.id/unsafe/533x533/filters:format(webp):quality(80)/cdn.oppo.co.id/media/catalog/product/h/p/hp-reno12-5g-12-256-silver-oppo-reno12-5g-cph2625-euna-256gb-12gb-astro-silver-id.jpg
Vivo,X70 Pro+,256 GB,12 GB,6.78,50 + 48 + 12 + 8,4500,1199,https://asia-exshopstatic-vivofs.vivo.com/KuCZNhz3cVxH4yrP/id/1724768733590/d752127ec004922de62f8025d6be4799.png_w860-h860.webp
OnePlus,Nord CE 5G,128 GB,6 GB,6.43,64 + 8 + 2,4500,329,"https://image01-eu.oneplus.net/media/202407/12/88a5d58ec62e1ad07ca2a9ec6a7a9fdd.png?x-amz-process=image/format,webp/quality,Q_80"
Samsung,Galaxy A52s 5G,128 GB,6 GB,6.5,64 + 12 + 5 + 5,4500,449,https://image-us.samsung.com/us/smartphones/galaxy-s24/all-gallery/01_E3_TitaniumGray_Lockup_1600x1200.jpg?$product-card-small-jpg$
Realme,GT Neo2,128 GB,8 GB,6.62,64 + 8 + 2,5000,329,https://image01.realme.net/general/20241009/1728446097174f15a74e9da3345d09192f17d6fea38de.png?width=1440&height=1440&size=1427135
Apple,iPhone 12 Mini,64 GB,4 GB,5.4,12 + 12,2227,700,https://store.storeimages.cdn-apple.com/4982/as-images.apple.com/is/iphone-card-40-iphone16prohero-202409?wid=680&hei=528&fmt=p-jpg&qlt=95&.v=1725567335931
Oppo,Find X3 Pro,256 GB,12 GB,6.7,50 + 50 + 13 + 3,4500,1199,https://thumbor.oppo.co.id/unsafe/533x533/filters:format(webp):quality(80)/cdn.oppo.co.id/media/catalog/product/h/p/hp-reno12-5g-12-256-silver-oppo-reno12-5g-cph2625-euna-256gb-12gb-astro-silver-id.jpg
Xiaomi,Mi 11 Lite 5G NE,128 GB,6 GB,6.55,64 + 8 + 5,4250,329,https://i02.appmifile.com/669_item_id/05/09/2024/81dcc3ebccfa92b5c364a77e3785bfae.png?thumb=1&w=500&f=webp&q=85
Samsung,Galaxy S21,128 GB,8 GB,6.2,64 + 12 + 12,4000,799,https://image-us.samsung.com/us/smartphones/galaxy-s24/all-gallery/01_E3_TitaniumGray_Lockup_1600x1200.jpg?$product-card-small-jpg$
Vivo,Y20s (G),128 GB,6 GB,6.51,50 + 2 + 2,5000,199,https://asia-exshopstatic-vivofs.vivo.com/KuCZNhz3cVxH4yrP/id/1724768733590/d752127ec004922de62f8025d6be4799.png_w860-h860.webp
Realme,8s 5G,128 GB,6 GB,6.5,48 + 2 + 2,5000,299,https://image01.realme.net/general/20241009/1728446097174f15a74e9da3345d09192f17d6fea38de.png?width=1440&height=1440&size=1427135
Oppo,A94,128 GB,8 GB,6.43,48 + 8 + 2 + 2,4310,379,https://thumbor.oppo.co.id/unsafe/533x533/filters:format(webp):quality(80)/cdn.oppo.co.id/media/catalog/product/h/p/hp-reno12-5g-12-256-silver-oppo-reno12-5g-cph2625-euna-256gb-12gb-astro-silver-id.jpg
Xiaomi,Redmi 10 Prime,128 GB,6 GB,6.5,50 + 8 + 2 + 2,6000,179,https://i02.appmifile.com/669_item_id/05/09/2024/81dcc3ebccfa92b5c364a77e3785bfae.png?thumb=1&w=500&f=webp&q=85
Samsung,Galaxy A22 5G,128 GB,4 GB,6.6,48 + 5,5000,279,https://image-us.samsung.com/us/smartphones/galaxy-s24/all-gallery/01_E3_TitaniumGray_Lockup_1600x1200.jpg?$product-card-small-jpg$
Realme,Narzo 50 Pro 5G,128 GB,6 GB,6.5,48 + 50 + 2,5000,249,https://image01.realme.net/general/20241009/1728446097174f15a74e9da3345d09192f17d6fea38de.png?width=1440&height=1440&size=1427135
OnePlus,9,128 GB,8 GB,6.55,48 + 50 + 2,4500,729,"https://image01-eu.oneplus.net/media/202407/12/88a5d58ec62e1ad07ca2a9ec6a7a9fdd.png?x-amz-process=image/format,webp/quality,Q_80"
Xiaomi,Redmi Note 10 Pro Max,128 GB,6 GB,6.67,108 + 8 + 5 + 2,5020,279,https://i02.appmifile.com/669_item_id/05/09/2024/81dcc3ebccfa92b5c364a77e3785bfae.png?thumb=1&w=500&f=webp&q=85
Apple,iPhone 11,64 GB,4 GB,6.1,12 + 12,3110,599,https://store.storeimages.cdn-apple.com/4982/as-images.apple.com/is/iphone-card-40-iphone16prohero-202409?wid=680&hei=528&fmt=p-jpg&qlt=95&.v=1725567335931
Samsung,Galaxy A03s,32 GB,3 GB,6.5,13 + 2 + 2,5000,139,https://image-us.samsung.com/us/smartphones/galaxy-s24/all-gallery/01_E3_TitaniumGray_Lockup_1600x1200.jpg?$product-card-small-jpg$
Oppo,A74 5G,128 GB,6 GB,6.5,48 + 2 + 2,5000,299,https://thumbor.oppo.co.id/unsafe/533x533/filters:format(webp):quality(80)/cdn.oppo.co.id/media/catalog/product/h/p/hp-reno12-5g-12-256-silver-oppo-reno12-5g-cph2625-euna-256gb-12gb-astro-silver-id.jpg
Vivo,Y12s (2021),32 GB,3 GB,6.51,13 + 2,5000,139,https://asia-exshopstatic-vivofs.vivo.com/KuCZNhz3cVxH4yrP/id/1724768733590/d752127ec004922de62f8025d6be4799.png_w860-h860.webp
Realme,9i,128 GB,4 GB,6.5,50 + 2 + 2,6000,189,https://image01.realme.net/general/20241009/1728446097174f15a74e9da3345d09192f17d6fea38de.png?width=1440&height=1440&size=1427135
Samsung,Galaxy M52 5G,128 GB,6 GB,6.7,64 + 12 + 5 + 5,5000,449,https://image-us.samsung.com/us/smartphones/galaxy-s24/all-gallery/01_E3_TitaniumGray_Lockup_1600x1200.jpg?$product-card-small-jpg$
Xiaomi,Redmi 10,128 GB,4 GB,6.5,50 + 8 + 2 + 2,5000,179,https://i02.appmifile.com/669_item_id/05/09/2024/81dcc3ebccfa92b5c364a77e3785bfae.png?thumb=1&w=500&f=webp&q=85
Apple,iPhone SE (2nd Gen),64 GB,3 GB,4.7,12,1821,399,https://store.storeimages.cdn-apple.com/4982/as-images.apple.com/is/iphone-card-40-iphone16prohero-202409?wid=680&hei=528&fmt=p-jpg&qlt=95&.v=1725567335931
Oppo,A53s,128 GB,6 GB,6.5,13 + 2 + 2,5000,259,https://thumbor.oppo.co.id/unsafe/533x533/filters:format(webp):quality(80)/cdn.oppo.co.id/media/catalog/product/h/p/hp-reno12-5g-12-256-silver-oppo-reno12-5g-cph2625-euna-256gb-12gb-astro-silver-id.jpg
Vivo,Y33s,128 GB,8 GB,6.58,50 + 2 + 2,5000,279,https://asia-exshopstatic-vivofs.vivo.com/KuCZNhz3cVxH4yrP/id/1724768733590/d752127ec004922de62f8025d6be4799.png_w860-h860.webp
Realme,C25s,128 GB,4 GB,6.5,13 + 2 + 2,6000,159,https://image01.realme.net/general/20241009/1728446097174f15a74e9da3345d09192f17d6fea38de.png?width=1440&height=1440&size=1427135
Samsung,Galaxy A22 4G,128 GB,6 GB,6.4,48 + 5 + 2,5000,229,https://image-us.samsung.com/us/smartphones/galaxy-s24/all-gallery/01_E3_TitaniumGray_Lockup_1600x1200.jpg?$product-card-small-jpg$
OnePlus,Nord 2 5G,128 GB,8 GB,6.43,50 + 8 + 2,4500,399,"https://image01-eu.oneplus.net/media/202407/12/88a5d58ec62e1ad07ca2a9ec6a7a9fdd.png?x-amz-process=image/format,webp/quality,Q_80"
Xiaomi,Poco M3 Pro 5G,64 GB,4 GB,6.5,48 + 2 + 2,5000,199,https://i02.appmifile.com/669_item_id/05/09/2024/81dcc3ebccfa92b5c364a77e3785bfae.png?thumb=1&w=500&f=webp&q=85
Apple,iPhone XR,64 GB,3 GB,6.1,12,2942,499,https://store.storeimages.cdn-apple.com/4982/as-images.apple.com/is/iphone-card-40-iphone16prohero-202409?wid=680&hei=528&fmt=p-jpg&qlt=95&.v=1725567335931
Oppo,A16,64 GB,3 GB,6.52,13 + 2 + 2,5000,159,https://thumbor.oppo.co.id/unsafe/533x533/filters:format(webp):quality(80)/cdn.oppo.co.id/media/catalog/product/h/p/hp-reno12-5g-12-256-silver-oppo-reno12-5g-cph2625-euna-256gb-12gb-astro-silver-id.jpg
Realme,C21Y,64 GB,4 GB,6.5,13 + 2 + 2,5000,129,https://image01.realme.net/general/20241009/1728446097174f15a74e9da3345d09192f17d6fea38de.png?width=1440&height=1440&size=1427135
Samsung,Galaxy F22,64 GB,4 GB,6.4,48 + 8 + 2 + 2,6000,189,https://image-us.samsung.com/us/smartphones/galaxy-s24/all-gallery/01_E3_TitaniumGray_Lockup_1600x1200.jpg?$product-card-small-jpg$
Oppo,F19 Pro+ 5G,128 GB,8 GB,6.43,64 + 8 + 2 + 2,4310,399,https://thumbor.oppo.co.id/unsafe/533x533/filters:format(webp):quality(80)/cdn.oppo.co.id/media/catalog/product/h/p/hp-reno12-5g-12-256-silver-oppo-reno12-5g-cph2625-euna-256gb-12gb-astro-silver-id.jpg
Xiaomi,Mi 11X,128 GB,8 GB,6.67,48 + 8 + 5,4520,529,https://i02.appmifile.com/669_item_id/05/09/2024/81dcc3ebccfa92b5c364a77e3785bfae.png?thumb=1&w=500&f=webp&q=85
Apple,iPhone 12 Mini,64 GB,4 GB,5.4,12 + 12,2227,699,https://store.storeimages.cdn-apple.com/4982/as-images.apple.com/is/iphone-card-40-iphone16prohero-202409?wid=680&hei=528&fmt=p-jpg&qlt=95&.v=1725567335931
Vivo,V21e,128 GB,8 GB,6.44,64 + 8,4000,369,https://asia-exshopstatic-vivofs.vivo.com/KuCZNhz3cVxH4yrP/id/1724768733590/d752127ec004922de62f8025d6be4799.png_w860-h860.webp
Realme,8 5G,128 GB,4 GB,6.5,48 + 2 + 2,5000,199,https://image01.realme.net/general/20241009/1728446097174f15a74e9da3345d09192f17d6fea38de.png?width=1440&height=1440&size=1427135
Samsung,Galaxy M12,64 GB,4 GB,6.5,48 + 5 + 2 + 2,6000,159,https://image-us.samsung.com/us/smartphones/galaxy-s24/all-gallery/01_E3_TitaniumGray_Lockup_1600x1200.jpg?$product-card-small-jpg$
Oppo,A16s,64 GB,4 GB,6.52,13 + 2 + 2,5000,179,https://thumbor.oppo.co.id/unsafe/533x533/filters:format(webp):quality(80)/cdn.oppo.co.id/media/catalog/product/h/p/hp-reno12-5g-12-256-silver-oppo-reno12-5g-cph2625-euna-256gb-12gb-astro-silver-id.jpg
Xiaomi,Redmi 9 Power,128 GB,4 GB,6.53,48 + 8 + 2 + 2,6000,189,https://i02.appmifile.com/669_item_id/05/09/2024/81dcc3ebccfa92b5c364a77e3785bfae.png?thumb=1&w=500&f=webp&q=85
Apple,iPhone 11 Pro Max,256 GB,4 GB,6.5,12 + 12 + 12,3969,1099,https://store.storeimages.cdn-apple.com/4982/as-images.apple.com/is/iphone-card-40-iphone16prohero-202409?wid=680&hei=528&fmt=p-jpg&qlt=95&.v=1725567335931
Vivo,Y20G,64 GB,4 GB,6.51,13 + 2 + 2,5000,169,https://asia-exshopstatic-vivofs.vivo.com/KuCZNhz3cVxH4yrP/id/1724768733590/d752127ec004922de62f8025d6be4799.png_w860-h860.webp
Realme,Narzo 50i,32 GB,2 GB,6.5,50 + 2,5000,99,https://image01.realme.net/general/20241009/1728446097174f15a74e9da3345d09192f17d6fea38de.png?width=1440&height=1440&size=1427135
Samsung,Galaxy A52s 5G,128 GB,6 GB,6.5,64 + 12 + 5 + 5,4500,459,https://image-us.samsung.com/us/smartphones/galaxy-s24/all-gallery/01_E3_TitaniumGray_Lockup_1600x1200.jpg?$product-card-small-jpg$
Oppo,A54,128 GB,4 GB,6.51,13 + 2 + 2,5000,239,https://thumbor.oppo.co.id/unsafe/533x533/filters:format(webp):quality(80)/cdn.oppo.co.id/media/catalog/product/h/p/hp-reno12-5g-12-256-silver-oppo-reno12-5g-cph2625-euna-256gb-12gb-astro-silver-id.jpg
Xiaomi,Redmi 9T,128 GB,4 GB,6.53,48 + 8 + 2 + 2,6000,199,https://i02.appmifile.com/669_item_id/05/09/2024/81dcc3ebccfa92b5c364a77e3785bfae.png?thumb=1&w=500&f=webp&q=85
Apple,iPhone 13 Pro Max,256 GB,6 GB,6.7,12 + 12 + 12,4352,1299,https://store.storeimages.cdn-apple.com/4982/as-images.apple.com/is/iphone-card-40-iphone16prohero-202409?wid=680&hei=528&fmt=p-jpg&qlt=95&.v=1725567335931
Vivo,Y33,128 GB,8 GB,6.58,50 + 2 + 2,5000,249,https://asia-exshopstatic-vivofs.vivo.com/KuCZNhz3cVxH4yrP/id/1724768733590/d752127ec004922de62f8025d6be4799.png_w860-h860.webp
Samsung,Galaxy A72,128 GB,8 GB,6.7,64 + 12 + 8 + 5,5000,429,https://image-us.samsung.com/us/smartphones/galaxy-s24/all-gallery/01_E3_TitaniumGray_Lockup_1600x1200.jpg?$product-card-small-jpg$
Oppo,Reno6 Pro 5G,128 GB,12 GB,6.55,64 + 8 + 2 + 2,4500,659,https://thumbor.oppo.co.id/unsafe/533x533/filters:format(webp):quality(80)/cdn.oppo.co.id/media/catalog/product/h/p/hp-reno12-5g-12-256-silver-oppo-reno12-5g-cph2625-euna-256gb-12gb-astro-silver-id.jpg
Xiaomi,Poco M3 Pro 5G,64 GB,4 GB,6.5,48 + 2 + 2,5000,199,https://i02.appmifile.com/669_item_id/05/09/2024/81dcc3ebccfa92b5c364a77e3785bfae.png?thumb=1&w=500&f=webp&q=85
Apple,iPhone SE (2020),64 GB,3 GB,4.7,12,1821,399,https://store.storeimages.cdn-apple.com/4982/as-images.apple.com/is/iphone-card-40-iphone16prohero-202409?wid=680&hei=528&fmt=p-jpg&qlt=95&.v=1725567335931
Vivo,Y53s,128 GB,8 GB,6.58,64 + 2,5000,269,https://asia-exshopstatic-vivofs.vivo.com/KuCZNhz3cVxH4yrP/id/1724768733590/d752127ec004922de62f8025d6be4799.png_w860-h860.webp
Realme,7i,128 GB,8 GB,6.5,64 + 8 + 2 + 2,5000,239,https://image01.realme.net/general/20241009/1728446097174f15a74e9da3345d09192f17d6fea38de.png?width=1440&height=1440&size=1427135
Samsung,Galaxy A52 5G,128 GB,6 GB,6.5,64 + 12 + 5 + 5,4500,449,https://image-us.samsung.com/us/smartphones/galaxy-s24/all-gallery/01_E3_TitaniumGray_Lockup_1600x1200.jpg?$product-card-small-jpg$
Oppo,F19 Pro,128 GB,8 GB,6.43,48 + 8 + 2 + 2,4310,359,https://thumbor.oppo.co.id/unsafe/533x533/filters:format(webp):quality(80)/cdn.oppo.co.id/media/catalog/product/h/p/hp-reno12-5g-12-256-silver-oppo-reno12-5g-cph2625-euna-256gb-12gb-astro-silver-id.jpg
Xiaomi,Redmi Note 10S,128 GB,6 GB,6.43,64 + 8 + 2 + 2,5000,229,https://i02.appmifile.com/669_item_id/05/09/2024/81dcc3ebccfa92b5c364a77e3785bfae.png?thumb=1&w=500&f=webp&q=85
Apple,iPhone XR,64 GB,3 GB,6.1,12 + 12,2942,499,https://store.storeimages.cdn-apple.com/4982/as-images.apple.com/is/iphone-card-40-iphone16prohero-202409?wid=680&hei=528&fmt=p-jpg&qlt=95&.v=1725567335931
Vivo,Y21s,128 GB,4 GB,6.51,50 + 2,5000,179,https://asia-exshopstatic-vivofs.vivo.com/KuCZNhz3cVxH4yrP/id/1724768733590/d752127ec004922de62f8025d6be4799.png_w860-h860.webp
Realme,C25s,128 GB,4 GB,6.5,13 + 2 + 2,6000,169,https://image01.realme.net/general/20241009/1728446097174f15a74e9da3345d09192f17d6fea38de.png?width=1440&height=1440&size=1427135
Samsung,Galaxy A22 5G,128 GB,4 GB,6.6,48 + 5 + 2,5000,239,https://image-us.samsung.com/us/smartphones/galaxy-s24/all-gallery/01_E3_TitaniumGray_Lockup_1600x1200.jpg?$product-card-small-jpg$
Oppo,A94,128 GB,8 GB,6.43,48 + 8 + 2 + 2,4310,329,https://thumbor.oppo.co.id/unsafe/533x533/filters:format(webp):quality(80)/cdn.oppo.co.id/media/catalog/product/h/p/hp-reno12-5g-12-256-silver-oppo-reno12-5g-cph2625-euna-256gb-12gb-astro-silver-id.jpg
Xiaomi,Mi 11 Lite 5G,128 GB,6 GB,6.55,64 + 8 + 5,4250,369,https://i02.appmifile.com/669_item_id/05/09/2024/81dcc3ebccfa92b5c364a77e3785bfae.png?thumb=1&w=500&f=webp&q=85
Apple,iPhone 11,128 GB,4 GB,6.1,12 + 12,3110,599,https://store.storeimages.cdn-apple.com/4982/as-images.apple.com/is/iphone-card-40-iphone16prohero-202409?wid=680&hei=528&fmt=p-jpg&qlt=95&.v=1725567335931
Vivo,X60 Pro,256 GB,12 GB,6.56,48 + 13 + 13,4200,799,https://asia-exshopstatic-vivofs.vivo.com/KuCZNhz3cVxH4yrP/id/1724768733590/d752127ec004922de62f8025d6be4799.png_w860-h860.webp
Realme,Narzo 50A,64 GB,4 GB,6.5,50 + 2,5000,139,https://image01.realme.net/general/20241009/1728446097174f15a74e9da3345d09192f17d6fea38de.png?width=1440&height=1440&size=1427135
Apple,iPhone 13,128GB,4GB,6.1,12MP + 12MP,2815,$799 ,https://store.storeimages.cdn-apple.com/4982/as-images.apple.com/is/iphone-card-40-iphone16prohero-202409?wid=680&hei=528&fmt=p-jpg&qlt=95&.v=1725567335931
Samsung,Galaxy S21,128GB,8GB,6.2,64MP + 12MP + 12MP,4000,$799 ,https://image-us.samsung.com/us/smartphones/galaxy-s24/all-gallery/01_E3_TitaniumGray_Lockup_1600x1200.jpg?$product-card-small-jpg$
OnePlus,Nord 2,128GB,8GB,6.43,50MP + 8MP + 2MP,4500,$399 ,"https://image01-eu.oneplus.net/media/202407/12/88a5d58ec62e1ad07ca2a9ec6a7a9fdd.png?x-amz-process=image/format,webp/quality,Q_80"
Google,Pixel 6,128GB,8GB,6.4,50MP + 12MP,4600,$699 ,https://lh3.googleusercontent.com/lA9N8SRML5QcGozPoXUWgcDEBsOtuyu6MgYJmm8nOzVtwc52GTu7fNhPp16fFsxxjxs4zwDDAv-1VbTO1CR0HYHsGxIcLG_z_IiS
Xiaomi,Poco X4 Pro,128GB,6GB,6.67,48MP + 8MP + 2MP + 2MP,5160,$329 ,https://i02.appmifile.com/669_item_id/05/09/2024/81dcc3ebccfa92b5c364a77e3785bfae.png?thumb=1&w=500&f=webp&q=85
Realme,GT Master Edition,128GB,8GB,6.43,64MP + 8MP + 2MP,4300,$399 ,https://image01.realme.net/general/20241009/1728446097174f15a74e9da3345d09192f17d6fea38de.png?width=1440&height=1440&size=1427135
Vivo,X70 Pro+,256GB,12GB,6.78,50MP + 48MP + 12MP + 8MP,4450,$999 ,https://asia-exshopstatic-vivofs.vivo.com/KuCZNhz3cVxH4yrP/id/1724768733590/d752127ec004922de62f8025d6be4799.png_w860-h860.webp
Oppo,Reno6 Pro+,256GB,12GB,6.55,50MP + 16MP + 13MP + 2MP,4500,$699 ,https://thumbor.oppo.co.id/unsafe/533x533/filters:format(webp):quality(80)/cdn.oppo.co.id/media/catalog/product/h/p/hp-reno12-5g-12-256-silver-oppo-reno12-5g-cph2625-euna-256gb-12gb-astro-silver-id.jpg
Motorola,Edge 20 Pro,256GB,12GB,6.7,108MP + 16MP + 8MP,4500,$699 ,https://motorolaus.vtexassets.com/arquivos/ids/164160/motorola-g-play-2024-ecom-render-1-sapphire-blue-axdwcq6e.png?v=638410050598800000?w=640&q=75
Nokia,XR20,128GB,6GB,6.67,48MP + 13MP,4630,$549 ,https://images.ctfassets.net/wcfotm6rrl7u/4Sbv0SYKWTkKEjD0nwHfqy/596676961398a384de07d924e8d29ae3/nokia-C12-dark_cyan-front_back-int.png?h=600&fm=avif
Sony,Xperia 5 III,128GB,8GB,6.1,12MP + 12MP + 12MP,4500,"$1,299 ",https://sony.scene7.com/is/image/sonyglobalsolutions/3075_Primary_image_khakigreen-1200?$primaryshotPreset$&fmt=png-alpha
LG,Wing,256GB,8GB,6.8 + 3.9,64MP + 13MP + 12MP,4000,$999 ,https://www.lg.com/levant_en/images/plp-b2c/levanten-mobilephones-categoryselector-6.jpg
Asus,Zenfone 8 Flip,256GB,8GB,6.67,64MP + 12MP + 8MP,5000,$899 ,https://dlcdnwebimgs.asus.com/gain/F51F921B-C613-4095-9A0C-DFDF5E7E0908/w717/h525/w273
Blackberry,KEY2 LE,64GB,4GB,4.5,13MP + 5MP,3000,$399 ,https://drop.ndtv.com/TECH/product_database/images/5312013103100AM_635_blackberry_curve_8530.png
Samsung,Galaxy A72,128GB,6GB,6.7,64MP + 12MP + 8MP + 5MP,5000,$449 ,https://image-us.samsung.com/us/smartphones/galaxy-s24/all-gallery/01_E3_TitaniumGray_Lockup_1600x1200.jpg?$product-card-small-jpg$
Xiaomi,Redmi Note 10 Pro Max,128GB,6GB,6.67,108MP + 8MP + 5MP + 2MP,5020,$319 ,https://i02.appmifile.com/669_item_id/05/09/2024/81dcc3ebccfa92b5c364a77e3785bfae.png?thumb=1&w=500&f=webp&q=85
Realme,Narzo 50 Pro 5G,128GB,8GB,6.5,48MP + 50MP + 2MP,5000,$269 ,https://image01.realme.net/general/20241009/1728446097174f15a74e9da3345d09192f17d6fea38de.png?width=1440&height=1440&size=1427135
Oppo,F19 Pro+,128GB,8GB,6.43,48MP + 8MP + 2MP + 2MP,4310,$349 ,https://thumbor.oppo.co.id/unsafe/533x533/filters:format(webp):quality(80)/cdn.oppo.co.id/media/catalog/product/h/p/hp-reno12-5g-12-256-silver-oppo-reno12-5g-cph2625-euna-256gb-12gb-astro-silver-id.jpg
Vivo,Y33s,128GB,8GB,6.58,50MP + 2MP + 2MP,5000,$269 ,https://asia-exshopstatic-vivofs.vivo.com/KuCZNhz3cVxH4yrP/id/1724768733590/d752127ec004922de62f8025d6be4799.png_w860-h860.webp
Motorola,Moto G60,128GB,6GB,6.8,108MP + 8MP + 2MP,6000,$279 ,https://motorolaus.vtexassets.com/arquivos/ids/164160/motorola-g-play-2024-ecom-render-1-sapphire-blue-axdwcq6e.png?v=638410050598800000?w=640&q=75
Nokia,5.4,64GB,4GB,6.39,48MP + 5MP + 2MP,4000,$249 ,https://images.ctfassets.net/wcfotm6rrl7u/4Sbv0SYKWTkKEjD0nwHfqy/596676961398a384de07d924e8d29ae3/nokia-C12-dark_cyan-front_back-int.png?h=600&fm=avif
LG,K92 5G,128GB,6GB,6.7,64MP + 5MP + 2MP + 2MP,4000,$349 ,https://www.lg.com/levant_en/images/plp-b2c/levanten-mobilephones-categoryselector-6.jpg
Asus,Zenfone 8,128GB,6GB,5.9,64MP + 12MP,4000,$699 ,https://dlcdnwebimgs.asus.com/gain/F51F921B-C613-4095-9A0C-DFDF5E7E0908/w717/h525/w273
Blackberry,KEY2,64GB,6GB,4.5,12MP + 12MP,3500,$699 ,https://drop.ndtv.com/TECH/product_database/images/5312013103100AM_635_blackberry_curve_8530.png
CAT,S42,32GB,3GB,5.5,13MP + 5MP,4200,$299 ,https://icegames.co/image/cache/catalog/610214668202/6135lP6Y+vL._AC_SL1000_-550x550h.jpg
Samsung,Galaxy Z Flip 3,128GB,8GB,6.7,12MP + 12MP,3300,$999 ,https://image-us.samsung.com/us/smartphones/galaxy-s24/all-gallery/01_E3_TitaniumGray_Lockup_1600x1200.jpg?$product-card-small-jpg$
OnePlus,9 Pro,256GB,12GB,6.7,48MP + 50MP + 8MP,4500,$969 ,"https://image01-eu.oneplus.net/media/202407/12/88a5d58ec62e1ad07ca2a9ec6a7a9fdd.png?x-amz-process=image/format,webp/quality,Q_80"
Xiaomi,Mi 11 Ultra,256GB,12GB,6.81,50MP + 48MP + 48MP,5000,"$1,199 ",https://i02.appmifile.com/669_item_id/05/09/2024/81dcc3ebccfa92b5c364a77e3785bfae.png?thumb=1&w=500&f=webp&q=85
Oppo,A16,32GB,3GB,6.52,13MP + 2MP + 2MP,5000,$149 ,https://thumbor.oppo.co.id/unsafe/533x533/filters:format(webp):quality(80)/cdn.oppo.co.id/media/catalog/product/h/p/hp-reno12-5g-12-256-silver-oppo-reno12-5g-cph2625-euna-256gb-12gb-astro-silver-id.jpg
Vivo,Y12A,32GB,3GB,6.51,13MP + 2MP,5000,$139 ,https://asia-exshopstatic-vivofs.vivo.com/KuCZNhz3cVxH4yrP/id/1724768733590/d752127ec004922de62f8025d6be4799.png_w860-h860.webp
Nokia,C20 Plus,32GB,3GB,6.5,8MP + 2MP,4950,$99 ,https://images.ctfassets.net/wcfotm6rrl7u/4Sbv0SYKWTkKEjD0nwHfqy/596676961398a384de07d924e8d29ae3/nokia-C12-dark_cyan-front_back-int.png?h=600&fm=avif
Samsung,Galaxy S20 FE 5G,128GB,6GB,6.5,12MP + 12MP + 8MP,4500,$699 ,https://image-us.samsung.com/us/smartphones/galaxy-s24/all-gallery/01_E3_TitaniumGray_Lockup_1600x1200.jpg?$product-card-small-jpg$
Motorola,Moto E7i Power,32GB,2GB,6.5,13MP + 2MP,5000,$99 ,https://motorolaus.vtexassets.com/arquivos/ids/164160/motorola-g-play-2024-ecom-render-1-sapphire-blue-axdwcq6e.png?v=638410050598800000?w=640&q=75
Xiaomi,Poco M3 Pro 5G,128GB,6GB,6.5,48MP + 2MP + 2MP,5000,$199 ,https://i02.appmifile.com/669_item_id/05/09/2024/81dcc3ebccfa92b5c364a77e3785bfae.png?thumb=1&w=500&f=webp&q=85
Realme,C21Y,64GB,4GB,6.5,13MP + 2MP + 2MP,5000,$169 ,https://image01.realme.net/general/20241009/1728446097174f15a74e9da3345d09192f17d6fea38de.png?width=1440&height=1440&size=1427135
Asus,ROG Phone 5,128GB,8GB,6.78,64MP + 13MP + 5MP,6000,$999 ,https://dlcdnwebimgs.asus.com/gain/F51F921B-C613-4095-9A0C-DFDF5E7E0908/w717/h525/w273
LG,Velvet 5G,128GB,6GB,6.8,48MP + 8MP + 5MP,4300,$499 ,https://www.lg.com/levant_en/images/plp-b2c/levanten-mobilephones-categoryselector-6.jpg
Blackberry,Evolve,64GB,6GB,5.99,12MP + 13MP,4000,$399 ,https://drop.ndtv.com/TECH/product_database/images/5312013103100AM_635_blackberry_curve_8530.png
Oppo,Reno 6 Pro+,256GB,12GB,6.55,50MP + 13MP + 16MP + 2MP,4500,$799 ,https://thumbor.oppo.co.id/unsafe/533x533/filters:format(webp):quality(80)/cdn.oppo.co.id/media/catalog/product/h/p/hp-reno12-5g-12-256-silver-oppo-reno12-5g-cph2625-euna-256gb-12gb-astro-silver-id.jpg
Samsung,Galaxy A03s,64GB,4GB,6.5,13MP + 2MP + 2MP,5000,$179 ,https://image-us.samsung.com/us/smartphones/galaxy-s24/all-gallery/01_E3_TitaniumGray_Lockup_1600x1200.jpg?$product-card-small-jpg$
Xiaomi,Redmi 10 Prime,128GB,6GB,6.5,50MP + 8MP + 2MP + 2MP,6000,$219 ,https://i02.appmifile.com/669_item_id/05/09/2024/81dcc3ebccfa92b5c364a77e3785bfae.png?thumb=1&w=500&f=webp&q=85
Motorola,Moto G50,64GB,4GB,6.5,48MP + 5MP + 2MP,5000,$249 ,https://motorolaus.vtexassets.com/arquivos/ids/164160/motorola-g-play-2024-ecom-render-1-sapphire-blue-axdwcq6e.png?v=638410050598800000?w=640&q=75
Realme,Narzo 50A,64GB,4GB,6.5,50MP + 2MP,6000,$149 ,https://image01.realme.net/general/20241009/1728446097174f15a74e9da3345d09192f17d6fea38de.png?width=1440&height=1440&size=1427135
Nokia,G20,64GB,4GB,6.5,48MP + 5MP,5050,$199 ,https://images.ctfassets.net/wcfotm6rrl7u/4Sbv0SYKWTkKEjD0nwHfqy/596676961398a384de07d924e8d29ae3/nokia-C12-dark_cyan-front_back-int.png?h=600&fm=avif
Samsung,Galaxy M32,128GB,6GB,6.4,64MP + 8MP + 2MP + 2MP,6000,$279 ,https://image-us.samsung.com/us/smartphones/galaxy-s24/all-gallery/01_E3_TitaniumGray_Lockup_1600x1200.jpg?$product-card-small-jpg$
Vivo,Y20G,64GB,4GB,6.51,13MP + 2MP + 2MP,5000,$179 ,https://asia-exshopstatic-vivofs.vivo.com/KuCZNhz3cVxH4yrP/id/1724768733590/d752127ec004922de62f8025d6be4799.png_w860-h860.webp
Asus,Zenfone 8 Flip,128GB,8GB,6.67,64MP + 12MP + 12MP,5000,$899 ,https://dlcdnwebimgs.asus.com/gain/F51F921B-C613-4095-9A0C-DFDF5E7E0908/w717/h525/w273
Oppo,A54,128GB,6GB,6.51,50MP + 2MP + 2MP,5000,$269 ,https://thumbor.oppo.co.id/unsafe/533x533/filters:format(webp):quality(80)/cdn.oppo.co.id/media/catalog/product/h/p/hp-reno12-5g-12-256-silver-oppo-reno12-5g-cph2625-euna-256gb-12gb-astro-silver-id.jpg
Samsung,Galaxy F22,128GB,6GB,6.4,48MP + 8MP + 2MP + 2MP,6000,$229 ,https://image-us.samsung.com/us/smartphones/galaxy-s24/all-gallery/01_E3_TitaniumGray_Lockup_1600x1200.jpg?$product-card-small-jpg$
Xiaomi,Mi 11 Lite 5G,128GB,6GB,6.55,64MP + 8MP + 5MP,4250,$399 ,https://i02.appmifile.com/669_item_id/05/09/2024/81dcc3ebccfa92b5c364a77e3785bfae.png?thumb=1&w=500&f=webp&q=85
Realme,8i,128GB,4GB,6.6,50MP + 2MP + 2MP,5000,$239 ,https://image01.realme.net/general/20241009/1728446097174f15a74e9da3345d09192f17d6fea38de.png?width=1440&height=1440&size=1427135
Nokia,C30,64GB,3GB,6.82,13MP + 2MP,6000,$149 ,https://images.ctfassets.net/wcfotm6rrl7u/4Sbv0SYKWTkKEjD0nwHfqy/596676961398a384de07d924e8d29ae3/nokia-C12-dark_cyan-front_back-int.png?h=600&fm=avif
Samsung,Galaxy A32,128GB,6GB,6.4,64MP + 8MP + 5MP + 5MP,5000,$279 ,https://image-us.samsung.com/us/smartphones/galaxy-s24/all-gallery/01_E3_TitaniumGray_Lockup_1600x1200.jpg?$product-card-small-jpg$
Xiaomi,Redmi Note 10 Pro Max,128GB,8GB,6.67,108MP + 8MP + 5MP + 2MP,5020,$329 ,https://i02.appmifile.com/669_item_id/05/09/2024/81dcc3ebccfa92b5c364a77e3785bfae.png?thumb=1&w=500&f=webp&q=85
Realme,C21Y,64GB,4GB,6.5,13MP + 2MP + 2MP,5000,$149 ,https://image01.realme.net/general/20241009/1728446097174f15a74e9da3345d09192f17d6fea38de.png?width=1440&height=1440&size=1427135
Nokia,XR20,128GB,6GB,6.67,48MP + 13MP,4630,$549 ,https://images.ctfassets.net/wcfotm6rrl7u/4Sbv0SYKWTkKEjD0nwHfqy/596676961398a384de07d924e8d29ae3/nokia-C12-dark_cyan-front_back-int.png?h=600&fm=avif
Samsung,Galaxy A52s 5G,128GB,6GB,6.5,64MP + 12MP + 5MP + 5MP,4500,$449 ,https://image-us.samsung.com/us/smartphones/galaxy-s24/all-gallery/01_E3_TitaniumGray_Lockup_1600x1200.jpg?$product-card-small-jpg$
Vivo,Y33s,128GB,8GB,6.58,50MP + 2MP,5000,$279 ,https://asia-exshopstatic-vivofs.vivo.com/KuCZNhz3cVxH4yrP/id/1724768733590/d752127ec004922de62f8025d6be4799.png_w860-h860.webp
Oppo,A16s,64GB,4GB,6.52,13MP + 2MP + 2MP,5000,$199 ,https://thumbor.oppo.co.id/unsafe/533x533/filters:format(webp):quality(80)/cdn.oppo.co.id/media/catalog/product/h/p/hp-reno12-5g-12-256-silver-oppo-reno12-5g-cph2625-euna-256gb-12gb-astro-silver-id.jpg
Motorola,Moto G Stylus 5G,128GB,5GB,6.8,48MP + 8MP + 5MP,5000,$399 ,https://motorolaus.vtexassets.com/arquivos/ids/164160/motorola-g-play-2024-ecom-render-1-sapphire-blue-axdwcq6e.png?v=638410050598800000?w=640&q=75
Xiaomi,Poco M3 Pro 5G,64GB,4GB,6.5,48MP + 2MP + 2MP,5000,$179 ,https://i02.appmifile.com/669_item_id/05/09/2024/81dcc3ebccfa92b5c364a77e3785bfae.png?thumb=1&w=500&f=webp&q=85
Realme,GT Neo2,128GB,8GB,6.62,64MP + 8MP + 2MP,5000,$399 ,https://image01.realme.net/general/20241009/1728446097174f15a74e9da3345d09192f17d6fea38de.png?width=1440&height=1440&size=1427135
Nokia,C20 Plus,32GB,3GB,6.5,8MP + 2MP,4950,$109 ,https://images.ctfassets.net/wcfotm6rrl7u/4Sbv0SYKWTkKEjD0nwHfqy/596676961398a384de07d924e8d29ae3/nokia-C12-dark_cyan-front_back-int.png?h=600&fm=avif
Samsung,Galaxy A21s,128GB,4GB,6.5,48MP + 8MP + 2MP + 2MP,5000,$219 ,https://image-us.samsung.com/us/smartphones/galaxy-s24/all-gallery/01_E3_TitaniumGray_Lockup_1600x1200.jpg?$product-card-small-jpg$
Vivo,Y12s,32GB,3GB,6.51,13MP + 2MP,5000,$149 ,https://asia-exshopstatic-vivofs.vivo.com/KuCZNhz3cVxH4yrP/id/1724768733590/d752127ec004922de62f8025d6be4799.png_w860-h860.webp
Oppo,F19s,128GB,6GB,6.43,48MP + 2MP + 2MP,5000,$299 ,https://thumbor.oppo.co.id/unsafe/533x533/filters:format(webp):quality(80)/cdn.oppo.co.id/media/catalog/product/h/p/hp-reno12-5g-12-256-silver-oppo-reno12-5g-cph2625-euna-256gb-12gb-astro-silver-id.jpg
Realme,Narzo 30 Pro 5G,128GB,8GB,6.5,48MP + 8MP + 2MP,5000,$279 ,https://image01.realme.net/general/20241009/1728446097174f15a74e9da3345d09192f17d6fea38de.png?width=1440&height=1440&size=1427135
Samsung,Galaxy A03s,32GB,3GB,6.5,13MP + 2MP + 2MP,5000,$149 ,https://image-us.samsung.com/us/smartphones/galaxy-s24/all-gallery/01_E3_TitaniumGray_Lockup_1600x1200.jpg?$product-card-small-jpg$
Xiaomi,Redmi 10 Prime,128GB,4GB,6.5,50MP + 8MP + 2MP + 2MP,6000,$189 ,https://i02.appmifile.com/669_item_id/05/09/2024/81dcc3ebccfa92b5c364a77e3785bfae.png?thumb=1&w=500&f=webp&q=85
Motorola,Moto G Pure,32GB,3GB,6.5,48MP + 2MP,5000,$169 ,https://motorolaus.vtexassets.com/arquivos/ids/164160/motorola-g-play-2024-ecom-render-1-sapphire-blue-axdwcq6e.png?v=638410050598800000?w=640&q=75
Oppo,Reno6 Z 5G,128GB,8GB,6.4,64MP + 8MP + 2MP,4310,$389 ,https://thumbor.oppo.co.id/unsafe/533x533/filters:format(webp):quality(80)/cdn.oppo.co.id/media/catalog/product/h/p/hp-reno12-5g-12-256-silver-oppo-reno12-5g-cph2625-euna-256gb-12gb-astro-silver-id.jpg
Samsung,Galaxy S21 Ultra 5G,256GB,12GB,6.8,108MP + 12MP + 10MP + 10MP,5000,"$1,199 ",https://image-us.samsung.com/us/smartphones/galaxy-s24/all-gallery/01_E3_TitaniumGray_Lockup_1600x1200.jpg?$product-card-small-jpg$
Vivo,Y53s,128GB,8GB,6.58,64MP + 2MP,5000,$299 ,https://asia-exshopstatic-vivofs.vivo.com/KuCZNhz3cVxH4yrP/id/1724768733590/d752127ec004922de62f8025d6be4799.png_w860-h860.webp
Realme,8i,128GB,4GB,6.6,50MP + 2MP + 2MP,5000,$219 ,https://image01.realme.net/general/20241009/1728446097174f15a74e9da3345d09192f17d6fea38de.png?width=1440&height=1440&size=1427135
Nokia,G50,64GB,4GB,6.82,48MP + 5MP + 2MP,5000,$299 ,https://images.ctfassets.net/wcfotm6rrl7u/4Sbv0SYKWTkKEjD0nwHfqy/596676961398a384de07d924e8d29ae3/nokia-C12-dark_cyan-front_back-int.png?h=600&fm=avif
Xiaomi,Redmi 9 Activ,64GB,4GB,6.53,13MP + 2MP,5000,$149 ,https://i02.appmifile.com/669_item_id/05/09/2024/81dcc3ebccfa92b5c364a77e3785bfae.png?thumb=1&w=500&f=webp&q=85
Oppo,A54s,128GB,6GB,6.5,50MP + 2MP + 2MP,5000,$249 ,https://thumbor.oppo.co.id/unsafe/533x533/filters:format(webp):quality(80)/cdn.oppo.co.id/media/catalog/product/h/p/hp-reno12-5g-12-256-silver-oppo-reno12-5g-cph2625-euna-256gb-12gb-astro-silver-id.jpg
Samsung,Galaxy M22,128GB,4GB,6.4,48MP + 8MP + 2MP + 2MP,5000,$219 ,https://image-us.samsung.com/us/smartphones/galaxy-s24/all-gallery/01_E3_TitaniumGray_Lockup_1600x1200.jpg?$product-card-small-jpg$
Motorola,Moto G Power 2022,128GB,4GB,6.6,48MP + 8MP + 2MP,5000,$249 ,https://motorolaus.vtexassets.com/arquivos/ids/164160/motorola-g-play-2024-ecom-render-1-sapphire-blue-axdwcq6e.png?v=638410050598800000?w=640&q=75
Vivo,Y21s,128GB,4GB,6.51,50MP + 2MP,5000,$179 ,https://asia-exshopstatic-vivofs.vivo.com/KuCZNhz3cVxH4yrP/id/1724768733590/d752127ec004922de62f8025d6be4799.png_w860-h860.webp
Xiaomi,Poco X3 GT,128GB,8GB,6.6,64MP + 8MP + 2MP,5000,$299 ,https://i02.appmifile.com/669_item_id/05/09/2024/81dcc3ebccfa92b5c364a77e3785bfae.png?thumb=1&w=500&f=webp&q=85
Samsung,Galaxy F42 5G,128GB,8GB,6.6,64MP + 8MP + 5MP,5000,$309 ,https://image-us.samsung.com/us/smartphones/galaxy-s24/all-gallery/01_E3_TitaniumGray_Lockup_1600x1200.jpg?$product-card-small-jpg$
Oppo,A16s,128GB,4GB,6.52,13MP + 2MP + 2MP,5000,$179 ,https://thumbor.oppo.co.id/unsafe/533x533/filters:format(webp):quality(80)/cdn.oppo.co.id/media/catalog/product/h/p/hp-reno12-5g-12-256-silver-oppo-reno12-5g-cph2625-euna-256gb-12gb-astro-silver-id.jpg
Vivo,V21e,128GB,8GB,6.44,64MP + 8MP,4000,$369 ,https://asia-exshopstatic-vivofs.vivo.com/KuCZNhz3cVxH4yrP/id/1724768733590/d752127ec004922de62f8025d6be4799.png_w860-h860.webp
Realme,GT Master Edition,128GB,6GB,6.43,64MP + 8MP + 2MP,4300,$349 ,https://image01.realme.net/general/20241009/1728446097174f15a74e9da3345d09192f17d6fea38de.png?width=1440&height=1440&size=1427135
Motorola,Edge 20 Fusion,128GB,6GB,6.7,108MP + 8MP + 2MP,5000,$499 ,https://motorolaus.vtexassets.com/arquivos/ids/164160/motorola-g-play-2024-ecom-render-1-sapphire-blue-axdwcq6e.png?v=638410050598800000?w=640&q=75
Samsung,Galaxy A21s,64GB,4GB,6.5,48MP + 8MP + 2MP + 2MP,5000,$199 ,https://image-us.samsung.com/us/smartphones/galaxy-s24/all-gallery/01_E3_TitaniumGray_Lockup_1600x1200.jpg?$product-card-small-jpg$
Xiaomi,Redmi Note 10S,128GB,6GB,6.43,64MP + 8MP + 2MP + 2MP,5000,$229 ,https://i02.appmifile.com/669_item_id/05/09/2024/81dcc3ebccfa92b5c364a77e3785bfae.png?thumb=1&w=500&f=webp&q=85
Oppo,A74 5G,128GB,6GB,6.5,48MP + 2MP + 2MP,5000,$299 ,https://thumbor.oppo.co.id/unsafe/533x533/filters:format(webp):quality(80)/cdn.oppo.co.id/media/catalog/product/h/p/hp-reno12-5g-12-256-silver-oppo-reno12-5g-cph2625-euna-256gb-12gb-astro-silver-id.jpg
Realme,C21,64GB,3GB,6.5,13MP + 2MP + 2MP,5000,$129 ,https://image01.realme.net/general/20241009/1728446097174f15a74e9da3345d09192f17d6fea38de.png?width=1440&height=1440&size=1427135
Samsung,Galaxy M52 5G,128GB,6GB,6.7,64MP + 12MP + 5MP + 5MP,5000,$449 ,https://image-us.samsung.com/us/smartphones/galaxy-s24/all-gallery/01_E3_TitaniumGray_Lockup_1600x1200.jpg?$product-card-small-jpg$
Vivo,V21 5G,128GB,8GB,6.44,64MP + 8MP,4000,$499 ,https://asia-exshopstatic-vivofs.vivo.com/KuCZNhz3cVxH4yrP/id/1724768733590/d752127ec004922de62f8025d6be4799.png_w860-h860.webp
Xiaomi,Redmi Note 9 Pro Max,128GB,6GB,6.67,64MP + 8MP + 5MP + 2MP,5020,$279 ,https://i02.appmifile.com/669_item_id/05/09/2024/81dcc3ebccfa92b5c364a77e3785bfae.png?thumb=1&w=500&f=webp&q=85
Motorola,Moto G Stylus 5G,128GB,5GB,6.8,48MP + 8MP + 5MP,5000,$399 ,https://motorolaus.vtexassets.com/arquivos/ids/164160/motorola-g-play-2024-ecom-render-1-sapphire-blue-axdwcq6e.png?v=638410050598800000?w=640&q=75
Oppo,Reno6 Pro+ 5G,256GB,12GB,6.55,50MP + 16MP + 13MP + 2MP,4500,$849 ,https://thumbor.oppo.co.id/unsafe/533x533/filters:format(webp):quality(80)/cdn.oppo.co.id/media/catalog/product/h/p/hp-reno12-5g-12-256-silver-oppo-reno12-5g-cph2625-euna-256gb-12gb-astro-silver-id.jpg
Realme,Narzo 30 Pro 5G,128GB,6GB,6.5,48MP + 8MP + 2MP,5000,$279 ,https://image01.realme.net/general/20241009/1728446097174f15a74e9da3345d09192f17d6fea38de.png?width=1440&height=1440&size=1427135
Samsung,Galaxy A32,128GB,4GB,6.4,64MP + 8MP + 5MP + 2MP,5000,$299 ,https://image-us.samsung.com/us/smartphones/galaxy-s24/all-gallery/01_E3_TitaniumGray_Lockup_1600x1200.jpg?$product-card-small-jpg$
Xiaomi,Poco X3 Pro,128GB,6GB,6.67,48MP + 8MP + 2MP + 2MP,5160,$249 ,https://i02.appmifile.com/669_item_id/05/09/2024/81dcc3ebccfa92b5c364a77e3785bfae.png?thumb=1&w=500&f=webp&q=85
Realme,C25s,128GB,4GB,6.5,13MP + 2MP + 2MP,6000,$149 ,https://image01.realme.net/general/20241009/1728446097174f15a74e9da3345d09192f17d6fea38de.png?width=1440&height=1440&size=1427135
Motorola,Moto G Power 2021,64GB,4GB,6.6,48MP + 2MP,5000,$199 ,https://motorolaus.vtexassets.com/arquivos/ids/164160/motorola-g-play-2024-ecom-render-1-sapphire-blue-axdwcq6e.png?v=638410050598800000?w=640&q=75
Samsung,Galaxy A52s 5G,128GB,6GB,6.5,64MP + 12MP + 5MP + 5MP,4500,$469 ,https://image-us.samsung.com/us/smartphones/galaxy-s24/all-gallery/01_E3_TitaniumGray_Lockup_1600x1200.jpg?$product-card-small-jpg$
Vivo,V21e 5G,128GB,8GB,6.44,64MP + 8MP,4000,$329 ,https://asia-exshopstatic-vivofs.vivo.com/KuCZNhz3cVxH4yrP/id/1724768733590/d752127ec004922de62f8025d6be4799.png_w860-h860.webp
Oppo,A53s 5G,128GB,6GB,6.52,13MP + 2MP + 2MP,5000,$279 ,https://thumbor.oppo.co.id/unsafe/533x533/filters:format(webp):quality(80)/cdn.oppo.co.id/media/catalog/product/h/p/hp-reno12-5g-12-256-silver-oppo-reno12-5g-cph2625-euna-256gb-12gb-astro-silver-id.jpg
Realme,GT Neo2,128GB,8GB,6.62,64MP + 8MP + 2MP,5000,$369 ,https://image01.realme.net/general/20241009/1728446097174f15a74e9da3345d09192f17d6fea38de.png?width=1440&height=1440&size=1427135
Samsung,Galaxy M32,128GB,4GB,6.4,64MP + 8MP + 2MP + 2MP,6000,$269 ,https://image-us.samsung.com/us/smartphones/galaxy-s24/all-gallery/01_E3_TitaniumGray_Lockup_1600x1200.jpg?$product-card-small-jpg$
Xiaomi,Mi 11 Lite NE,128GB,6GB,6.55,64MP + 8MP + 5MP,4250,$329 ,https://i02.appmifile.com/669_item_id/05/09/2024/81dcc3ebccfa92b5c364a77e3785bfae.png?thumb=1&w=500&f=webp&q=85
Motorola,Moto G Stylus 2021,128GB,4GB,6.4,48MP + 8MP + 2MP,4000,$299 ,https://motorolaus.vtexassets.com/arquivos/ids/164160/motorola-g-play-2024-ecom-render-1-sapphire-blue-axdwcq6e.png?v=638410050598800000?w=640&q=75
Oppo,A54s 5G,128GB,6GB,6.5,48MP + 2MP + 2MP,5000,$299 ,https://thumbor.oppo.co.id/unsafe/533x533/filters:format(webp):quality(80)/cdn.oppo.co.id/media/catalog/product/h/p/hp-reno12-5g-12-256-silver-oppo-reno12-5g-cph2625-euna-256gb-12gb-astro-silver-id.jpg
Samsung,Galaxy F41,128GB,6GB,6.4,64MP + 8MP + 5MP,6000,$239 ,https://image-us.samsung.com/us/smartphones/galaxy-s24/all-gallery/01_E3_TitaniumGray_Lockup_1600x1200.jpg?$product-card-small-jpg$
Xiaomi,Redmi Note 10 Pro,128GB,6GB,6.67,64MP + 8MP + 5MP + 2MP,5020,$329 ,https://i02.appmifile.com/669_item_id/05/09/2024/81dcc3ebccfa92b5c364a77e3785bfae.png?thumb=1&w=500&f=webp&q=85
Realme,Narzo 50A,128GB,4GB,6.5,50MP + 2MP,5000,$149 ,https://image01.realme.net/general/20241009/1728446097174f15a74e9da3345d09192f17d6fea38de.png?width=1440&height=1440&size=1427135
Oppo,A16s,64GB,4GB,6.52,13MP + 2MP + 2MP,5000,$189 ,https://thumbor.oppo.co.id/unsafe/533x533/filters:format(webp):quality(80)/cdn.oppo.co.id/media/catalog/product/h/p/hp-reno12-5g-12-256-silver-oppo-reno12-5g-cph2625-euna-256gb-12gb-astro-silver-id.jpg
Samsung,Galaxy M52,128GB,6GB,6.7,64MP + 12MP + 5MP + 5MP,5000,$449 ,https://image-us.samsung.com/us/smartphones/galaxy-s24/all-gallery/01_E3_TitaniumGray_Lockup_1600x1200.jpg?$product-card-small-jpg$
Vivo,V21 5G,128GB,8GB,6.44,64MP + 8MP + 2MP,4000,$399 ,https://asia-exshopstatic-vivofs.vivo.com/KuCZNhz3cVxH4yrP/id/1724768733590/d752127ec004922de62f8025d6be4799.png_w860-h860.webp
Motorola,Moto G50s,128GB,4GB,6.5,48MP + 5MP + 2MP,5000,$249 ,https://motorolaus.vtexassets.com/arquivos/ids/164160/motorola-g-play-2024-ecom-render-1-sapphire-blue-axdwcq6e.png?v=638410050598800000?w=640&q=75
Samsung,Galaxy A13,64GB,4GB,6.5,50MP + 5MP,5000,$189 ,https://image-us.samsung.com/us/smartphones/galaxy-s24/all-gallery/01_E3_TitaniumGray_Lockup_1600x1200.jpg?$product-card-small-jpg$
Xiaomi,Redmi 9 Activ,128GB,6GB,6.53,50MP + 2MP,5000,$209 ,https://i02.appmifile.com/669_item_id/05/09/2024/81dcc3ebccfa92b5c364a77e3785bfae.png?thumb=1&w=500&f=webp&q=85
Realme,7i,128GB,8GB,6.5,64MP + 8MP + 2MP + 2MP,5000,$199 ,https://image01.realme.net/general/20241009/1728446097174f15a74e9da3345d09192f17d6fea38de.png?width=1440&height=1440&size=1427135
Oppo,A74 5G,128GB,6GB,6.5,48MP + 2MP + 2MP,5000,$299 ,https://thumbor.oppo.co.id/unsafe/533x533/filters:format(webp):quality(80)/cdn.oppo.co.id/media/catalog/product/h/p/hp-reno12-5g-12-256-silver-oppo-reno12-5g-cph2625-euna-256gb-12gb-astro-silver-id.jpg
Samsung,Galaxy A42 5G,128GB,4GB,6.6,48MP + 8MP + 5MP + 5MP,5000,$329 ,https://image-us.samsung.com/us/smartphones/galaxy-s24/all-gallery/01_E3_TitaniumGray_Lockup_1600x1200.jpg?$product-card-small-jpg$
Vivo,Y33s,128GB,8GB,6.58,50MP + 2MP + 2MP,5000,$249 ,https://asia-exshopstatic-vivofs.vivo.com/KuCZNhz3cVxH4yrP/id/1724768733590/d752127ec004922de62f8025d6be4799.png_w860-h860.webp
Motorola,Moto G9 Power Lite,64GB,4GB,6.5,48MP + 2MP + 2MP,6000,$149 ,https://motorolaus.vtexassets.com/arquivos/ids/164160/motorola-g-play-2024-ecom-render-1-sapphire-blue-axdwcq6e.png?v=638410050598800000?w=640&q=75
Realme,C21Y,64GB,4GB,6.5,13MP + 2MP + 2MP,5000,$119 ,https://image01.realme.net/general/20241009/1728446097174f15a74e9da3345d09192f17d6fea38de.png?width=1440&height=1440&size=1427135
Samsung,Galaxy A22,128GB,4GB,6.4,48MP + 8MP + 2MP + 2MP,5000,$219 ,https://image-us.samsung.com/us/smartphones/galaxy-s24/all-gallery/01_E3_TitaniumGray_Lockup_1600x1200.jpg?$product-card-small-jpg$
Xiaomi,Redmi Note 10S,128GB,6GB,6.43,64MP + 8MP + 2MP + 2MP,5000,$279 ,https://i02.appmifile.com/669_item_id/05/09/2024/81dcc3ebccfa92b5c364a77e3785bfae.png?thumb=1&w=500&f=webp&q=85
Oppo,A74,128GB,6GB,6.43,48MP + 2MP + 2MP,5000,$299 ,https://thumbor.oppo.co.id/unsafe/533x533/filters:format(webp):quality(80)/cdn.oppo.co.id/media/catalog/product/h/p/hp-reno12-5g-12-256-silver-oppo-reno12-5g-cph2625-euna-256gb-12gb-astro-silver-id.jpg
Samsung,Galaxy A32,128GB,4GB,6.4,64MP + 8MP + 5MP + 5MP,5000,$269 ,https://image-us.samsung.com/us/smartphones/galaxy-s24/all-gallery/01_E3_TitaniumGray_Lockup_1600x1200.jpg?$product-card-small-jpg$
Vivo,Y72 5G,128GB,8GB,6.58,64MP + 8MP + 2MP,5000,$339 ,https://asia-exshopstatic-vivofs.vivo.com/KuCZNhz3cVxH4yrP/id/1724768733590/d752127ec004922de62f8025d6be4799.png_w860-h860.webp
Motorola,Moto G60,128GB,6GB,6.8,108MP + 8MP + 2MP,6000,$299 ,https://motorolaus.vtexassets.com/arquivos/ids/164160/motorola-g-play-2024-ecom-render-1-sapphire-blue-axdwcq6e.png?v=638410050598800000?w=640&q=75
Xiaomi,Mi 10i,128GB,6GB,6.67,108MP + 8MP + 2MP + 2MP,4820,$319 ,https://i02.appmifile.com/669_item_id/05/09/2024/81dcc3ebccfa92b5c364a77e3785bfae.png?thumb=1&w=500&f=webp&q=85
Realme,Narzo 30 Pro,128GB,8GB,6.5,48MP + 8MP + 2MP,5000,$279 ,https://image01.realme.net/general/20241009/1728446097174f15a74e9da3345d09192f17d6fea38de.png?width=1440&height=1440&size=1427135
Samsung,Galaxy M62,128GB,8GB,6.7,64MP + 12MP + 5MP + 5MP,7000,$429 ,https://image-us.samsung.com/us/smartphones/galaxy-s24/all-gallery/01_E3_TitaniumGray_Lockup_1600x1200.jpg?$product-card-small-jpg$
Oppo,A53s,128GB,6GB,6.5,50MP + 2MP + 2MP,5000,$269 ,https://thumbor.oppo.co.id/unsafe/533x533/filters:format(webp):quality(80)/cdn.oppo.co.id/media/catalog/product/h/p/hp-reno12-5g-12-256-silver-oppo-reno12-5g-cph2625-euna-256gb-12gb-astro-silver-id.jpg
Xiaomi,Redmi 10 Prime,128GB,6GB,6.5,50MP + 8MP + 2MP + 2MP,6000,$199 ,https://i02.appmifile.com/669_item_id/05/09/2024/81dcc3ebccfa92b5c364a77e3785bfae.png?thumb=1&w=500&f=webp&q=85
Realme,C25s,128GB,4GB,6.5,13MP + 2MP + 2MP,6000,$159 ,https://image01.realme.net/general/20241009/1728446097174f15a74e9da3345d09192f17d6fea38de.png?width=1440&height=1440&size=1427135
Samsung,Galaxy A12,64GB,4GB,6.5,48MP + 5MP + 2MP + 2MP,5000,$179 ,https://image-us.samsung.com/us/smartphones/galaxy-s24/all-gallery/01_E3_TitaniumGray_Lockup_1600x1200.jpg?$product-card-small-jpg$
Xiaomi,Poco X3 Pro,128GB,6GB,6.67,48MP + 8MP + 2MP + 2MP,5160,$299 ,https://i02.appmifile.com/669_item_id/05/09/2024/81dcc3ebccfa92b5c364a77e3785bfae.png?thumb=1&w=500&f=webp&q=85
Samsung,Galaxy A03s,64GB,4GB,6.5,13MP + 2MP + 2MP,5000,$149 ,https://image-us.samsung.com/us/smartphones/galaxy-s24/all-gallery/01_E3_TitaniumGray_Lockup_1600x1200.jpg?$product-card-small-jpg$
Oppo,A15s,64GB,4GB,6.52,13MP + 2MP + 2MP,4230,$169 ,https://thumbor.oppo.co.id/unsafe/533x533/filters:format(webp):quality(80)/cdn.oppo.co.id/media/catalog/product/h/p/hp-reno12-5g-12-256-silver-oppo-reno12-5g-cph2625-euna-256gb-12gb-astro-silver-id.jpg
Realme,C11 2021,32GB,2GB,6.52,8MP + 2MP,5000,$99 ,https://image01.realme.net/general/20241009/1728446097174f15a74e9da3345d09192f17d6fea38de.png?width=1440&height=1440&size=1427135
Nokia,C30,32GB,2GB,6.82,13MP + 2MP,6000,$149 ,https://images.ctfassets.net/wcfotm6rrl7u/4Sbv0SYKWTkKEjD0nwHfqy/596676961398a384de07d924e8d29ae3/nokia-C12-dark_cyan-front_back-int.png?h=600&fm=avif
Xiaomi,Redmi 9i,64GB,4GB,6.53,13MP,5000,$139 ,https://i02.appmifile.com/669_item_id/05/09/2024/81dcc3ebccfa92b5c364a77e3785bfae.png?thumb=1&w=500&f=webp&q=85
Samsung,Galaxy A22 5G,128GB,4GB,6.6,48MP + 5MP + 2MP,5000,$279 ,https://image-us.samsung.com/us/smartphones/galaxy-s24/all-gallery/01_E3_TitaniumGray_Lockup_1600x1200.jpg?$product-card-small-jpg$
Oppo,A53,128GB,6GB,6.5,13MP + 2MP + 2MP,5000,$219 ,https://thumbor.oppo.co.id/unsafe/533x533/filters:format(webp):quality(80)/cdn.oppo.co.id/media/catalog/product/h/p/hp-reno12-5g-12-256-silver-oppo-reno12-5g-cph2625-euna-256gb-12gb-astro-silver-id.jpg
Vivo,Y12s,32GB,3GB,6.51,13MP + 2MP,5000,$149 ,https://asia-exshopstatic-vivofs.vivo.com/KuCZNhz3cVxH4yrP/id/1724768733590/d752127ec004922de62f8025d6be4799.png_w860-h860.webp
Xiaomi,Mi 11 Lite 5G,128GB,8GB,6.55,64MP + 8MP + 5MP,4250,$429 ,https://i02.appmifile.com/669_item_id/05/09/2024/81dcc3ebccfa92b5c364a77e3785bfae.png?thumb=1&w=500&f=webp&q=85
Realme,7 5G,128GB,6GB,6.5,48MP + 8MP + 2MP,5000,$279 ,https://image01.realme.net/general/20241009/1728446097174f15a74e9da3345d09192f17d6fea38de.png?width=1440&height=1440&size=1427135
Samsung,Galaxy M31s,128GB,6GB,6.5,64MP + 12MP + 5MP + 5MP,6000,$379 ,https://image-us.samsung.com/us/smartphones/galaxy-s24/all-gallery/01_E3_TitaniumGray_Lockup_1600x1200.jpg?$product-card-small-jpg$
Oppo,A15,32GB,3GB,6.52,13MP + 2MP + 2MP,4230,$149 ,https://thumbor.oppo.co.id/unsafe/533x533/filters:format(webp):quality(80)/cdn.oppo.co.id/media/catalog/product/h/p/hp-reno12-5g-12-256-silver-oppo-reno12-5g-cph2625-euna-256gb-12gb-astro-silver-id.jpg
Nokia,G10,32GB,3GB,6.52,13MP + 2MP + 2MP,5050,$169 ,https://images.ctfassets.net/wcfotm6rrl7u/4Sbv0SYKWTkKEjD0nwHfqy/596676961398a384de07d924e8d29ae3/nokia-C12-dark_cyan-front_back-int.png?h=600&fm=avif
Xiaomi,Poco X3 GT,128GB,8GB,6.6,64MP + 8MP + 2MP,5000,$329 ,https://i02.appmifile.com/669_item_id/05/09/2024/81dcc3ebccfa92b5c364a77e3785bfae.png?thumb=1&w=500&f=webp&q=85
Realme,C25,64GB,4GB,6.5,13MP + 2MP + 2MP,6000,$179 ,https://image01.realme.net/general/20241009/1728446097174f15a74e9da3345d09192f17d6fea38de.png?width=1440&height=1440&size=1427135
Xiaomi,Redmi Note 10 Pro Max,128GB,8GB,6.67,108MP + 8MP + 5MP + 2MP,5020,$329 ,https://i02.appmifile.com/669_item_id/05/09/2024/81dcc3ebccfa92b5c364a77e3785bfae.png?thumb=1&w=500&f=webp&q=85
Samsung,Galaxy A52 5G,128GB,6GB,6.5,64MP + 12MP + 5MP + 5MP,4500,$449 ,https://image-us.samsung.com/us/smartphones/galaxy-s24/all-gallery/01_E3_TitaniumGray_Lockup_1600x1200.jpg?$product-card-small-jpg$
Oppo,A94,128GB,8GB,6.43,48MP + 8MP + 2MP + 2MP,4310,$399 ,https://thumbor.oppo.co.id/unsafe/533x533/filters:format(webp):quality(80)/cdn.oppo.co.id/media/catalog/product/h/p/hp-reno12-5g-12-256-silver-oppo-reno12-5g-cph2625-euna-256gb-12gb-astro-silver-id.jpg
Vivo,Y33s,128GB,8GB,6.58,50MP + 2MP + 2MP,5000,$289 ,https://asia-exshopstatic-vivofs.vivo.com/KuCZNhz3cVxH4yrP/id/1724768733590/d752127ec004922de62f8025d6be4799.png_w860-h860.webp
Realme,Narzo 50A,64GB,4GB,6.5,50MP + 2MP,5000,$149 ,https://image01.realme.net/general/20241009/1728446097174f15a74e9da3345d09192f17d6fea38de.png?width=1440&height=1440&size=1427135
Nokia,X20,128GB,6GB,6.67,64MP + 5MP + 2MP + 2MP,4470,$449 ,https://images.ctfassets.net/wcfotm6rrl7u/4Sbv0SYKWTkKEjD0nwHfqy/596676961398a384de07d924e8d29ae3/nokia-C12-dark_cyan-front_back-int.png?h=600&fm=avif
Xiaomi,Redmi 9 Power,128GB,4GB,6.53,48MP + 8MP + 2MP + 2MP,6000,$199 ,https://i02.appmifile.com/669_item_id/05/09/2024/81dcc3ebccfa92b5c364a77e3785bfae.png?thumb=1&w=500&f=webp&q=85
Samsung,Galaxy M12,64GB,4GB,6.5,48MP + 5MP + 2MP + 2MP,6000,$179 ,https://image-us.samsung.com/us/smartphones/galaxy-s24/all-gallery/01_E3_TitaniumGray_Lockup_1600x1200.jpg?$product-card-small-jpg$
Oppo,A53s,128GB,6GB,6.5,13MP + 2MP + 2MP,5000,$229 ,https://thumbor.oppo.co.id/unsafe/533x533/filters:format(webp):quality(80)/cdn.oppo.co.id/media/catalog/product/h/p/hp-reno12-5g-12-256-silver-oppo-reno12-5g-cph2625-euna-256gb-12gb-astro-silver-id.jpg
Vivo,Y20s G,128GB,6GB,6.51,50MP + 2MP + 2MP,5000,$209 ,https://asia-exshopstatic-vivofs.vivo.com/KuCZNhz3cVxH4yrP/id/1724768733590/d752127ec004922de62f8025d6be4799.png_w860-h860.webp
Realme,C21Y,64GB,4GB,6.5,13MP + 2MP + 2MP,5000,$139 ,https://image01.realme.net/general/20241009/1728446097174f15a74e9da3345d09192f17d6fea38de.png?width=1440&height=1440&size=1427135
Nokia,C20 Plus,32GB,3GB,6.5,8MP + 2MP,4950,$99 ,https://images.ctfassets.net/wcfotm6rrl7u/4Sbv0SYKWTkKEjD0nwHfqy/596676961398a384de07d924e8d29ae3/nokia-C12-dark_cyan-front_back-int.png?h=600&fm=avif
Xiaomi,Redmi 10 Prime,128GB,4GB,6.5,50MP + 8MP + 2MP + 2MP,6000,$199 ,https://i02.appmifile.com/669_item_id/05/09/2024/81dcc3ebccfa92b5c364a77e3785bfae.png?thumb=1&w=500&f=webp&q=85
Oppo,Reno 6 Pro 5G,128GB,12GB,6.55,64MP + 8MP + 2MP,4500,$549 ,https://thumbor.oppo.co.id/unsafe/533x533/filters:format(webp):quality(80)/cdn.oppo.co.id/media/catalog/product/h/p/hp-reno12-5g-12-256-silver-oppo-reno12-5g-cph2625-euna-256gb-12gb-astro-silver-id.jpg
Vivo,Y31s,128GB,6GB,6.58,13MP + 2MP,5000,$239 ,https://asia-exshopstatic-vivofs.vivo.com/KuCZNhz3cVxH4yrP/id/1724768733590/d752127ec004922de62f8025d6be4799.png_w860-h860.webp
Realme,8 5G,128GB,8GB,6.5,48MP + 2MP,5000,$299 ,https://image01.realme.net/general/20241009/1728446097174f15a74e9da3345d09192f17d6fea38de.png?width=1440&height=1440&size=1427135
Nokia,G20,64GB,4GB,6.5,48MP + 5MP + 2MP + 2MP,5050,$199 ,https://images.ctfassets.net/wcfotm6rrl7u/4Sbv0SYKWTkKEjD0nwHfqy/596676961398a384de07d924e8d29ae3/nokia-C12-dark_cyan-front_back-int.png?h=600&fm=avif
Xiaomi,Poco X3 Pro,128GB,6GB,6.67,48MP + 8MP + 2MP + 2MP,5160,$249 ,https://i02.appmifile.com/669_item_id/05/09/2024/81dcc3ebccfa92b5c364a77e3785bfae.png?thumb=1&w=500&f=webp&q=85
Samsung,Galaxy A32 5G,128GB,4GB,6.5,48MP + 8MP + 5MP + 2MP,5000,$279 ,https://image-us.samsung.com/us/smartphones/galaxy-s24/all-gallery/01_E3_TitaniumGray_Lockup_1600x1200.jpg?$product-card-small-jpg$
Oppo,A16,32GB,3GB,6.52,13MP + 2MP + 2MP,5000,$149 ,https://thumbor.oppo.co.id/unsafe/533x533/filters:format(webp):quality(80)/cdn.oppo.co.id/media/catalog/product/h/p/hp-reno12-5g-12-256-silver-oppo-reno12-5g-cph2625-euna-256gb-12gb-astro-silver-id.jpg
Vivo,V21 5G,128GB,8GB,6.44,64MP + 8MP + 2MP,4000,$469 ,https://asia-exshopstatic-vivofs.vivo.com/KuCZNhz3cVxH4yrP/id/1724768733590/d752127ec004922de62f8025d6be4799.png_w860-h860.webp
Realme,C11 2021,32GB,2GB,6.5,8MP + 2MP,5000,$99 ,https://image01.realme.net/general/20241009/1728446097174f15a74e9da3345d09192f17d6fea38de.png?width=1440&height=1440&size=1427135
Nokia,5.4,128GB,4GB,6.39,48MP + 5MP + 2MP + 2MP,4000,$249 ,https://images.ctfassets.net/wcfotm6rrl7u/4Sbv0SYKWTkKEjD0nwHfqy/596676961398a384de07d924e8d29ae3/nokia-C12-dark_cyan-front_back-int.png?h=600&fm=avif
Xiaomi,Redmi Note 10,64GB,4GB,6.43,48MP + 8MP + 2MP + 2MP,5000,$199 ,https://i02.appmifile.com/669_item_id/05/09/2024/81dcc3ebccfa92b5c364a77e3785bfae.png?thumb=1&w=500&f=webp&q=85
Samsung,Galaxy F41,64GB,6GB,6.4,64MP + 8MP + 5MP,6000,$249 ,https://image-us.samsung.com/us/smartphones/galaxy-s24/all-gallery/01_E3_TitaniumGray_Lockup_1600x1200.jpg?$product-card-small-jpg$
Oppo,A54,128GB,6GB,6.51,48MP + 2MP + 2MP,5000,$249 ,https://thumbor.oppo.co.id/unsafe/533x533/filters:format(webp):quality(80)/cdn.oppo.co.id/media/catalog/product/h/p/hp-reno12-5g-12-256-silver-oppo-reno12-5g-cph2625-euna-256gb-12gb-astro-silver-id.jpg
Vivo,V20 SE,128GB,8GB,6.44,48MP + 8MP + 2MP,4100,$319 ,https://asia-exshopstatic-vivofs.vivo.com/KuCZNhz3cVxH4yrP/id/1724768733590/d752127ec004922de62f8025d6be4799.png_w860-h860.webp
Nokia,3.4,64GB,3GB,6.39,13MP + 5MP + 2MP,4000,$179 ,https://images.ctfassets.net/wcfotm6rrl7u/4Sbv0SYKWTkKEjD0nwHfqy/596676961398a384de07d924e8d29ae3/nokia-C12-dark_cyan-front_back-int.png?h=600&fm=avif
Xiaomi,Redmi Note 9 Pro Max,64GB,6GB,6.67,64MP + 8MP + 5MP + 2MP,5020,$279 ,https://i02.appmifile.com/669_item_id/05/09/2024/81dcc3ebccfa92b5c364a77e3785bfae.png?thumb=1&w=500&f=webp&q=85
Samsung,Galaxy M31s,128GB,8GB,6.5,64MP + 12MP + 5MP + 5MP,6000,$349 ,https://image-us.samsung.com/us/smartphones/galaxy-s24/all-gallery/01_E3_TitaniumGray_Lockup_1600x1200.jpg?$product-card-small-jpg$
Oppo,A54,128GB,4GB,6.51,13MP + 2MP + 2MP,5000,$219 ,https://thumbor.oppo.co.id/unsafe/533x533/filters:format(webp):quality(80)/cdn.oppo.co.id/media/catalog/product/h/p/hp-reno12-5g-12-256-silver-oppo-reno12-5g-cph2625-euna-256gb-12gb-astro-silver-id.jpg
Vivo,Y12s,32GB,3GB,6.51,13MP + 2MP,5000,$149 ,https://asia-exshopstatic-vivofs.vivo.com/KuCZNhz3cVxH4yrP/id/1724768733590/d752127ec004922de62f8025d6be4799.png_w860-h860.webp
Realme,C20,32GB,2GB,6.5,8MP,5000,$99 ,https://image01.realme.net/general/20241009/1728446097174f15a74e9da3345d09192f17d6fea38de.png?width=1440&height=1440&size=1427135
Nokia,1.4,32GB,2GB,6.51,8MP + 2MP,4000,$119 ,https://images.ctfassets.net/wcfotm6rrl7u/4Sbv0SYKWTkKEjD0nwHfqy/596676961398a384de07d924e8d29ae3/nokia-C12-dark_cyan-front_back-int.png?h=600&fm=avif
Xiaomi,Redmi 9 Power,64GB,4GB,6.53,48MP + 8MP + 2MP + 2MP,6000,$169 ,https://i02.appmifile.com/669_item_id/05/09/2024/81dcc3ebccfa92b5c364a77e3785bfae.png?thumb=1&w=500&f=webp&q=85
Samsung,Galaxy A02s,32GB,3GB,6.5,13MP + 2MP + 2MP,5000,$139 ,https://image-us.samsung.com/us/smartphones/galaxy-s24/all-gallery/01_E3_TitaniumGray_Lockup_1600x1200.jpg?$product-card-small-jpg$
Oppo,A15s,64GB,4GB,6.52,13MP + 2MP + 2MP,4230,$159 ,https://thumbor.oppo.co.id/unsafe/533x533/filters:format(webp):quality(80)/cdn.oppo.co.id/media/catalog/product/h/p/hp-reno12-5g-12-256-silver-oppo-reno12-5g-cph2625-euna-256gb-12gb-astro-silver-id.jpg
Vivo,Y51A,128GB,8GB,6.58,48MP + 8MP + 2MP,5000,$289 ,https://asia-exshopstatic-vivofs.vivo.com/KuCZNhz3cVxH4yrP/id/1724768733590/d752127ec004922de62f8025d6be4799.png_w860-h860.webp
Realme,Narzo 20,64GB,4GB,6.5,48MP + 8MP + 2MP,6000,$199 ,https://image01.realme.net/general/20241009/1728446097174f15a74e9da3345d09192f17d6fea38de.png?width=1440&height=1440&size=1427135
Nokia,5.3,64GB,3GB,6.55,13MP + 5MP + 2MP + 2MP,4000,$199 ,https://images.ctfassets.net/wcfotm6rrl7u/4Sbv0SYKWTkKEjD0nwHfqy/596676961398a384de07d924e8d29ae3/nokia-C12-dark_cyan-front_back-int.png?h=600&fm=avif
Xiaomi,Redmi Note 8,64GB,4GB,6.3,48MP + 8MP + 2MP + 2MP,4000,$179 ,https://i02.appmifile.com/669_item_id/05/09/2024/81dcc3ebccfa92b5c364a77e3785bfae.png?thumb=1&w=500&f=webp&q=85
Samsung,Galaxy M11,32GB,3GB,6.4,13MP + 5MP + 2MP,5000,130,https://image-us.samsung.com/us/smartphones/galaxy-s24/all-gallery/01_E3_TitaniumGray_Lockup_1600x1200.jpg?$product-card-small-jpg$
Oppo,A54,64GB,4GB,6.51,13MP + 2MP + 2MP,5000,$199 ,https://thumbor.oppo.co.id/unsafe/533x533/filters:format(webp):quality(80)/cdn.oppo.co.id/media/catalog/product/h/p/hp-reno12-5g-12-256-silver-oppo-reno12-5g-cph2625-euna-256gb-12gb-astro-silver-id.jpg
Vivo,Y20s,128GB,8GB,6.51,13MP + 2MP + 2MP,5000,$249 ,https://asia-exshopstatic-vivofs.vivo.com/KuCZNhz3cVxH4yrP/id/1724768733590/d752127ec004922de62f8025d6be4799.png_w860-h860.webp
Realme,C11,32GB,2GB,6.5,13MP + 2MP,5000,$99 ,https://image01.realme.net/general/20241009/1728446097174f15a74e9da3345d09192f17d6fea38de.png?width=1440&height=1440&size=1427135
Nokia,2.4,32GB,2GB,6.5,8MP + 2MP,4500,$129 ,https://images.ctfassets.net/wcfotm6rrl7u/4Sbv0SYKWTkKEjD0nwHfqy/596676961398a384de07d924e8d29ae3/nokia-C12-dark_cyan-front_back-int.png?h=600&fm=avif
Xiaomi,Redmi 9,64GB,4GB,6.53,13MP + 8MP + 5MP + 2MP,5020,$149 ,https://i02.appmifile.com/669_item_id/05/09/2024/81dcc3ebccfa92b5c364a77e3785bfae.png?thumb=1&w=500&f=webp&q=85
Samsung,Galaxy A11,32GB,2GB,6.4,13MP + 5MP + 2MP,4000,$129 ,https://image-us.samsung.com/us/smartphones/galaxy-s24/all-gallery/01_E3_TitaniumGray_Lockup_1600x1200.jpg?$product-card-small-jpg$
Oppo,A12,64GB,4GB,6.22,13MP + 2MP,4230,$139 ,https://thumbor.oppo.co.id/unsafe/533x533/filters:format(webp):quality(80)/cdn.oppo.co.id/media/catalog/product/h/p/hp-reno12-5g-12-256-silver-oppo-reno12-5g-cph2625-euna-256gb-12gb-astro-silver-id.jpg
Vivo,Y20G,128GB,6GB,6.51,13MP + 2MP + 2MP,5000,$229 ,https://asia-exshopstatic-vivofs.vivo.com/KuCZNhz3cVxH4yrP/id/1724768733590/d752127ec004922de62f8025d6be4799.png_w860-h860.webp
Realme,C15,64GB,4GB,6.5,13MP + 8MP + 2MP + 2MP,6000,$179 ,https://image01.realme.net/general/20241009/1728446097174f15a74e9da3345d09192f17d6fea38de.png?width=1440&height=1440&size=1427135
Nokia,3.1 Plus,32GB,3GB,6,13MP + 5MP,3500,$139 ,https://images.ctfassets.net/wcfotm6rrl7u/4Sbv0SYKWTkKEjD0nwHfqy/596676961398a384de07d924e8d29ae3/nokia-C12-dark_cyan-front_back-int.png?h=600&fm=avif
Xiaomi,Redmi Note 7,64GB,4GB,6.3,48MP + 5MP,4000,$159 ,https://i02.appmifile.com/669_item_id/05/09/2024/81dcc3ebccfa92b5c364a77e3785bfae.png?thumb=1&w=500&f=webp&q=85
Samsung,Galaxy A12,64GB,4GB,6.5,48MP + 5MP + 2MP + 2MP,5000,$179 ,https://image-us.samsung.com/us/smartphones/galaxy-s24/all-gallery/01_E3_TitaniumGray_Lockup_1600x1200.jpg?$product-card-small-jpg$
Oppo,A31,128GB,4GB,6.5,12MP + 2MP + 2MP,4230,$199 ,https://thumbor.oppo.co.id/unsafe/533x533/filters:format(webp):quality(80)/cdn.oppo.co.id/media/catalog/product/h/p/hp-reno12-5g-12-256-silver-oppo-reno12-5g-cph2625-euna-256gb-12gb-astro-silver-id.jpg
Vivo,Y15,64GB,4GB,6.35,13MP + 8MP + 2MP,5000,$189 ,https://asia-exshopstatic-vivofs.vivo.com/KuCZNhz3cVxH4yrP/id/1724768733590/d752127ec004922de62f8025d6be4799.png_w860-h860.webp
Realme,Narzo 10A,32GB,3GB,6.5,12MP + 2MP + 2MP,5000,$129 ,https://image01.realme.net/general/20241009/1728446097174f15a74e9da3345d09192f17d6fea38de.png?width=1440&height=1440&size=1427135
Xiaomi,Redmi 9T,128GB,4GB,6.53,48MP + 8MP + 2MP + 2MP,6000,$229 ,https://i02.appmifile.com/669_item_id/05/09/2024/81dcc3ebccfa92b5c364a77e3785bfae.png?thumb=1&w=500&f=webp&q=85
Samsung,Galaxy A30s,64GB,4GB,6.4,25MP + 8MP + 5MP,4000,$279 ,https://image-us.samsung.com/us/smartphones/galaxy-s24/all-gallery/01_E3_TitaniumGray_Lockup_1600x1200.jpg?$product-card-small-jpg$
Samsung,Galaxy Note 20 Ultra,256,12,6.9,108+12+12,4500,1299,https://image-us.samsung.com/us/smartphones/galaxy-s24/all-gallery/01_E3_TitaniumGray_Lockup_1600x1200.jpg?$product-card-small-jpg$
Apple,iPhone SE (2020),64,3,4.7,12,1821,399,https://store.storeimages.cdn-apple.com/4982/as-images.apple.com/is/iphone-card-40-iphone16prohero-202409?wid=680&hei=528&fmt=p-jpg&qlt=95&.v=1725567335931
Xiaomi,Poco X3 Pro,128,6,6.67,48+8+2+2,5160,249,https://i02.appmifile.com/669_item_id/05/09/2024/81dcc3ebccfa92b5c364a77e3785bfae.png?thumb=1&w=500&f=webp&q=85
Google,Pixel 5,128,8,6,12.2+16,4080,699,https://lh3.googleusercontent.com/lA9N8SRML5QcGozPoXUWgcDEBsOtuyu6MgYJmm8nOzVtwc52GTu7fNhPp16fFsxxjxs4zwDDAv-1VbTO1CR0HYHsGxIcLG_z_IiS
Huawei,Mate 40 Pro,256,8,6.76,50+20+12+3D,4400,1199,https://consumer.huawei.com/content/dam/huawei-cbg-site/common/mkt/plp/phones-20230509/mate-series/mate50-pro.png
OnePlus,Nord N10 5G,128,6,6.49,64+8+2+2,4300,299,"https://image01-eu.oneplus.net/media/202407/12/88a5d58ec62e1ad07ca2a9ec6a7a9fdd.png?x-amz-process=image/format,webp/quality,Q_80"
Oppo,Reno 5 Pro 5G,128,8,6.55,64+8+2+2,4350,449,https://thumbor.oppo.co.id/unsafe/533x533/filters:format(webp):quality(80)/cdn.oppo.co.id/media/catalog/product/h/p/hp-reno12-5g-12-256-silver-oppo-reno12-5g-cph2625-euna-256gb-12gb-astro-silver-id.jpg
Samsung,Galaxy A71,128,6,6.7,64+12+5+5,4500,599,https://image-us.samsung.com/us/smartphones/galaxy-s24/all-gallery/01_E3_TitaniumGray_Lockup_1600x1200.jpg?$product-card-small-jpg$
Nokia,8.3 5G,128,8,6.81,64+12+2+2,4500,499,https://images.ctfassets.net/wcfotm6rrl7u/4Sbv0SYKWTkKEjD0nwHfqy/596676961398a384de07d924e8d29ae3/nokia-C12-dark_cyan-front_back-int.png?h=600&fm=avif
Apple,iPhone 11 Pro Max,512,4,6.5,12+12+12,3969,1099,https://store.storeimages.cdn-apple.com/4982/as-images.apple.com/is/iphone-card-40-iphone16prohero-202409?wid=680&hei=528&fmt=p-jpg&qlt=95&.v=1725567335931
Xiaomi,Mi 11,256,8,6.81,108+13+5,4600,749,https://i02.appmifile.com/669_item_id/05/09/2024/81dcc3ebccfa92b5c364a77e3785bfae.png?thumb=1&w=500&f=webp&q=85
Motorola,Moto G Power (2021),64,4,6.6,48+2+2,5000,199,https://motorolaus.vtexassets.com/arquivos/ids/164160/motorola-g-play-2024-ecom-render-1-sapphire-blue-axdwcq6e.png?v=638410050598800000?w=640&q=75
Google,Pixel 4a 5G,128,6,6.2,12.2+16,3885,499,https://lh3.googleusercontent.com/lA9N8SRML5QcGozPoXUWgcDEBsOtuyu6MgYJmm8nOzVtwc52GTu7fNhPp16fFsxxjxs4zwDDAv-1VbTO1CR0HYHsGxIcLG_z_IiS
Huawei,Nova 8 Pro 5G,128,8,6.72,64+8+2+2,4000,699,https://consumer.huawei.com/content/dam/huawei-cbg-site/common/mkt/plp/phones-20230509/mate-series/mate50-pro.png
Samsung,Galaxy A52,128,6,6.5,64+12+5+5,4500,449,https://image-us.samsung.com/us/smartphones/galaxy-s24/all-gallery/01_E3_TitaniumGray_Lockup_1600x1200.jpg?$product-card-small-jpg$
OnePlus,8T,256,12,6.55,48+16+5+2,4500,749,"https://image01-eu.oneplus.net/media/202407/12/88a5d58ec62e1ad07ca2a9ec6a7a9fdd.png?x-amz-process=image/format,webp/quality,Q_80"
Xiaomi,Redmi 9,64,4,6.53,13+8+5+2,5020,149,https://i02.appmifile.com/669_item_id/05/09/2024/81dcc3ebccfa92b5c364a77e3785bfae.png?thumb=1&w=500&f=webp&q=85
Apple,iPhone 13,128,6,6.1,12+12+12,2815,799,https://store.storeimages.cdn-apple.com/4982/as-images.apple.com/is/iphone-card-40-iphone16prohero-202409?wid=680&hei=528&fmt=p-jpg&qlt=95&.v=1725567335931
Oppo,A15s,64,4,6.52,13+2+2,4230,159,https://thumbor.oppo.co.id/unsafe/533x533/filters:format(webp):quality(80)/cdn.oppo.co.id/media/catalog/product/h/p/hp-reno12-5g-12-256-silver-oppo-reno12-5g-cph2625-euna-256gb-12gb-astro-silver-id.jpg
Nokia,G50 5G,128,4,6.82,48+5+2,4850,299,https://images.ctfassets.net/wcfotm6rrl7u/4Sbv0SYKWTkKEjD0nwHfqy/596676961398a384de07d924e8d29ae3/nokia-C12-dark_cyan-front_back-int.png?h=600&fm=avif
Apple,iPhone XR,64,3,6.1,12+7,2942,599,https://store.storeimages.cdn-apple.com/4982/as-images.apple.com/is/iphone-card-40-iphone16prohero-202409?wid=680&hei=528&fmt=p-jpg&qlt=95&.v=1725567335931
Samsung,Galaxy S21 Ultra 5G,256,12,6.8,108+10+10+12,5000,1199,https://image-us.samsung.com/us/smartphones/galaxy-s24/all-gallery/01_E3_TitaniumGray_Lockup_1600x1200.jpg?$product-card-small-jpg$
Xiaomi,Redmi Note 10 Pro,128,6,6.67,108+8+5+2,5020,279,https://i02.appmifile.com/669_item_id/05/09/2024/81dcc3ebccfa92b5c364a77e3785bfae.png?thumb=1&w=500&f=webp&q=85
Oppo,Find X3 Neo 5G,256,12,6.55,50+16+13+2,4500,899,https://thumbor.oppo.co.id/unsafe/533x533/filters:format(webp):quality(80)/cdn.oppo.co.id/media/catalog/product/h/p/hp-reno12-5g-12-256-silver-oppo-reno12-5g-cph2625-euna-256gb-12gb-astro-silver-id.jpg
Huawei,P40 Pro,256,8,6.58,50+12+40+3D,4200,1099,https://consumer.huawei.com/content/dam/huawei-cbg-site/common/mkt/plp/phones-20230509/mate-series/mate50-pro.png
OnePlus,9 Pro,256,12,6.7,48+50+8+2,4500,969,"https://image01-eu.oneplus.net/media/202407/12/88a5d58ec62e1ad07ca2a9ec6a7a9fdd.png?x-amz-process=image/format,webp/quality,Q_80"
Motorola,Moto G Stylus (2021),128,4,6.4,48+8+2,4000,299,https://motorolaus.vtexassets.com/arquivos/ids/164160/motorola-g-play-2024-ecom-render-1-sapphire-blue-axdwcq6e.png?v=638410050598800000?w=640&q=75
Google,Pixel 4,128,6,5.7,12.2+16,2800,799,https://lh3.googleusercontent.com/lA9N8SRML5QcGozPoXUWgcDEBsOtuyu6MgYJmm8nOzVtwc52GTu7fNhPp16fFsxxjxs4zwDDAv-1VbTO1CR0HYHsGxIcLG_z_IiS
Samsung,Galaxy A12,128,4,6.5,48+5+2+2,5000,179,https://image-us.samsung.com/us/smartphones/galaxy-s24/all-gallery/01_E3_TitaniumGray_Lockup_1600x1200.jpg?$product-card-small-jpg$
Nokia,5.4,64,4,6.39,48+5+2+2,4000,179,https://images.ctfassets.net/wcfotm6rrl7u/4Sbv0SYKWTkKEjD0nwHfqy/596676961398a384de07d924e8d29ae3/nokia-C12-dark_cyan-front_back-int.png?h=600&fm=avif
Apple,iPhone 12,128,4,6.1,12+12,2815,799,https://store.storeimages.cdn-apple.com/4982/as-images.apple.com/is/iphone-card-40-iphone16prohero-202409?wid=680&hei=528&fmt=p-jpg&qlt=95&.v=1725567335931
Xiaomi,Redmi 10,128,4,6.5,50+8+2+2,5000,229,https://i02.appmifile.com/669_item_id/05/09/2024/81dcc3ebccfa92b5c364a77e3785bfae.png?thumb=1&w=500&f=webp&q=85
Oppo,A94 5G,128,8,6.43,48+8+2+2,4310,399,https://thumbor.oppo.co.id/unsafe/533x533/filters:format(webp):quality(80)/cdn.oppo.co.id/media/catalog/product/h/p/hp-reno12-5g-12-256-silver-oppo-reno12-5g-cph2625-euna-256gb-12gb-astro-silver-id.jpg
Huawei,Nova 9 Pro 5G,256,8,6.72,50+8+16+2,4500,699,https://consumer.huawei.com/content/dam/huawei-cbg-site/common/mkt/plp/phones-20230509/mate-series/mate50-pro.png
Samsung,Galaxy S10 Lite,128,6,6.7,48+12+5,4500,649,https://image-us.samsung.com/us/smartphones/galaxy-s24/all-gallery/01_E3_TitaniumGray_Lockup_1600x1200.jpg?$product-card-small-jpg$
OnePlus,8 Pro,256,12,6.78,48+48+8+5,4510,999,"https://image01-eu.oneplus.net/media/202407/12/88a5d58ec62e1ad07ca2a9ec6a7a9fdd.png?x-amz-process=image/format,webp/quality,Q_80"
Nokia,7.2,128,6,6.3,48+8+5,3500,349,https://images.ctfassets.net/wcfotm6rrl7u/4Sbv0SYKWTkKEjD0nwHfqy/596676961398a384de07d924e8d29ae3/nokia-C12-dark_cyan-front_back-int.png?h=600&fm=avif
Xiaomi,Mi 10T Pro,256,8,6.67,108+13+5,5000,599,https://i02.appmifile.com/669_item_id/05/09/2024/81dcc3ebccfa92b5c364a77e3785bfae.png?thumb=1&w=500&f=webp&q=85
Apple,iPhone 11,64,4,6.1,12+12+12,3110,699,https://store.storeimages.cdn-apple.com/4982/as-images.apple.com/is/iphone-card-40-iphone16prohero-202409?wid=680&hei=528&fmt=p-jpg&qlt=95&.v=1725567335931
Oppo,F19 Pro+ 5G,128,8,6.43,64+8+2+2,4310,419,https://thumbor.oppo.co.id/unsafe/533x533/filters:format(webp):quality(80)/cdn.oppo.co.id/media/catalog/product/h/p/hp-reno12-5g-12-256-silver-oppo-reno12-5g-cph2625-euna-256gb-12gb-astro-silver-id.jpg
Motorola,Moto G Power (2021),64,3,6.6,48+2+2,5000,199,https://motorolaus.vtexassets.com/arquivos/ids/164160/motorola-g-play-2024-ecom-render-1-sapphire-blue-axdwcq6e.png?v=638410050598800000?w=640&q=75
Samsung,Galaxy A71,128,6,6.7,64+12+5+5,4500,399,https://image-us.samsung.com/us/smartphones/galaxy-s24/all-gallery/01_E3_TitaniumGray_Lockup_1600x1200.jpg?$product-card-small-jpg$
Huawei,Mate 30 Pro 5G,256,8,6.53,40+40+8+3D,4500,1099,https://consumer.huawei.com/content/dam/huawei-cbg-site/common/mkt/plp/phones-20230509/mate-series/mate50-pro.png
Xiaomi,Poco X3 Pro,128,6,6.67,48+8+2+2,5160,249,https://i02.appmifile.com/669_item_id/05/09/2024/81dcc3ebccfa92b5c364a77e3785bfae.png?thumb=1&w=500&f=webp&q=85
Google,Pixel 5,128,8,6,12.2+16,4080,699,https://lh3.googleusercontent.com/lA9N8SRML5QcGozPoXUWgcDEBsOtuyu6MgYJmm8nOzVtwc52GTu7fNhPp16fFsxxjxs4zwDDAv-1VbTO1CR0HYHsGxIcLG_z_IiS
Apple,iPhone SE (2020),64,3,4.7,12,1821,399,https://store.storeimages.cdn-apple.com/4982/as-images.apple.com/is/iphone-card-40-iphone16prohero-202409?wid=680&hei=528&fmt=p-jpg&qlt=95&.v=1725567335931
Samsung,Galaxy M51,128,6,6.7,64+12+5+5,7000,449,https://image-us.samsung.com/us/smartphones/galaxy-s24/all-gallery/01_E3_TitaniumGray_Lockup_1600x1200.jpg?$product-card-small-jpg$
Oppo,Reno4 Pro 5G,256,12,6.55,48+12+13,4000,799,https://thumbor.oppo.co.id/unsafe/533x533/filters:format(webp):quality(80)/cdn.oppo.co.id/media/catalog/product/h/p/hp-reno12-5g-12-256-silver-oppo-reno12-5g-cph2625-euna-256gb-12gb-astro-silver-id.jpg
Nokia,3.4,64,4,6.39,13+5+2,4000,179,https://images.ctfassets.net/wcfotm6rrl7u/4Sbv0SYKWTkKEjD0nwHfqy/596676961398a384de07d924e8d29ae3/nokia-C12-dark_cyan-front_back-int.png?h=600&fm=avif
Motorola,Moto G9 Plus,128,4,6.81,64+8+2+2,5000,279,https://motorolaus.vtexassets.com/arquivos/ids/164160/motorola-g-play-2024-ecom-render-1-sapphire-blue-axdwcq6e.png?v=638410050598800000?w=640&q=75
Apple,iPhone XS Max,256,4,6.5,12+12,3174,1099,https://store.storeimages.cdn-apple.com/4982/as-images.apple.com/is/iphone-card-40-iphone16prohero-202409?wid=680&hei=528&fmt=p-jpg&qlt=95&.v=1725567335931
Samsung,Galaxy A32 5G,128,4,6.5,48+8+5+2,5000,279,https://image-us.samsung.com/us/smartphones/galaxy-s24/all-gallery/01_E3_TitaniumGray_Lockup_1600x1200.jpg?$product-card-small-jpg$
Xiaomi,Redmi Note 9S,128,6,6.67,48+8+5+2,5020,249,https://i02.appmifile.com/669_item_id/05/09/2024/81dcc3ebccfa92b5c364a77e3785bfae.png?thumb=1&w=500&f=webp&q=85
Oppo,A92,128,8,6.5,48+8+2+2,5000,399,https://thumbor.oppo.co.id/unsafe/533x533/filters:format(webp):quality(80)/cdn.oppo.co.id/media/catalog/product/h/p/hp-reno12-5g-12-256-silver-oppo-reno12-5g-cph2625-euna-256gb-12gb-astro-silver-id.jpg
Huawei,P30 Pro,256,8,6.47,40+20+8+ToF,4200,999,https://consumer.huawei.com/content/dam/huawei-cbg-site/common/mkt/plp/phones-20230509/mate-series/mate50-pro.png
Samsung,Galaxy S20 FE 5G,128,6,6.5,12+12+8,4500,699,https://image-us.samsung.com/us/smartphones/galaxy-s24/all-gallery/01_E3_TitaniumGray_Lockup_1600x1200.jpg?$product-card-small-jpg$
OnePlus,7 Pro,256,8,6.67,48+16+8,4000,699,"https://image01-eu.oneplus.net/media/202407/12/88a5d58ec62e1ad07ca2a9ec6a7a9fdd.png?x-amz-process=image/format,webp/quality,Q_80"
Nokia,6.2,128,4,6.3,16+8+5,3500,249,https://images.ctfassets.net/wcfotm6rrl7u/4Sbv0SYKWTkKEjD0nwHfqy/596676961398a384de07d924e8d29ae3/nokia-C12-dark_cyan-front_back-int.png?h=600&fm=avif
Xiaomi,Mi 10T Lite,128,6,6.67,64+8+2+2,4820,279,https://i02.appmifile.com/669_item_id/05/09/2024/81dcc3ebccfa92b5c364a77e3785bfae.png?thumb=1&w=500&f=webp&q=85
Apple,iPhone 8 Plus,64,3,5.5,12+12,2691,699,https://store.storeimages.cdn-apple.com/4982/as-images.apple.com/is/iphone-card-40-iphone16prohero-202409?wid=680&hei=528&fmt=p-jpg&qlt=95&.v=1725567335931
Oppo,A53,128,4,6.5,13+2+2,5000,249,https://thumbor.oppo.co.id/unsafe/533x533/filters:format(webp):quality(80)/cdn.oppo.co.id/media/catalog/product/h/p/hp-reno12-5g-12-256-silver-oppo-reno12-5g-cph2625-euna-256gb-12gb-astro-silver-id.jpg
Motorola,Moto G8 Power,64,4,6.4,16+8+8+2,5000,229,https://motorolaus.vtexassets.com/arquivos/ids/164160/motorola-g-play-2024-ecom-render-1-sapphire-blue-axdwcq6e.png?v=638410050598800000?w=640&q=75
Huawei,Nova 7i,128,8,6.4,48+8+2+2,4200,329,https://consumer.huawei.com/content/dam/huawei-cbg-site/common/mkt/plp/phones-20230509/mate-series/mate50-pro.png
Samsung,Galaxy S21+ 5G,256,8,6.7,12+64+12,4800,999,https://image-us.samsung.com/us/smartphones/galaxy-s24/all-gallery/01_E3_TitaniumGray_Lockup_1600x1200.jpg?$product-card-small-jpg$
Xiaomi,Mi 11 Lite,128,6,6.55,64+8+5,4250,399,https://i02.appmifile.com/669_item_id/05/09/2024/81dcc3ebccfa92b5c364a77e3785bfae.png?thumb=1&w=500&f=webp&q=85
Nokia,8.3 5G,128,8,6.81,64+12+2+2,4500,499,https://images.ctfassets.net/wcfotm6rrl7u/4Sbv0SYKWTkKEjD0nwHfqy/596676961398a384de07d924e8d29ae3/nokia-C12-dark_cyan-front_back-int.png?h=600&fm=avif
OnePlus,Nord,128,8,6.44,48+8+5+2,4115,449,"https://image01-eu.oneplus.net/media/202407/12/88a5d58ec62e1ad07ca2a9ec6a7a9fdd.png?x-amz-process=image/format,webp/quality,Q_80"
Apple,iPhone XR,64,3,6.1,12,2942,499,https://store.storeimages.cdn-apple.com/4982/as-images.apple.com/is/iphone-card-40-iphone16prohero-202409?wid=680&hei=528&fmt=p-jpg&qlt=95&.v=1725567335931
Samsung,Galaxy A12,128,4,6.5,48+5+2+2,5000,179,https://image-us.samsung.com/us/smartphones/galaxy-s24/all-gallery/01_E3_TitaniumGray_Lockup_1600x1200.jpg?$product-card-small-jpg$
Oppo,A94 5G,128,8,6.43,48+8+2+2,4310,399,https://thumbor.oppo.co.id/unsafe/533x533/filters:format(webp):quality(80)/cdn.oppo.co.id/media/catalog/product/h/p/hp-reno12-5g-12-256-silver-oppo-reno12-5g-cph2625-euna-256gb-12gb-astro-silver-id.jpg
Xiaomi,Redmi 9T,128,4,6.53,48+8+2+2,6000,199,https://i02.appmifile.com/669_item_id/05/09/2024/81dcc3ebccfa92b5c364a77e3785bfae.png?thumb=1&w=500&f=webp&q=85
Motorola,Moto G10,128,4,6.5,48+8+2+2,5000,199,https://motorolaus.vtexassets.com/arquivos/ids/164160/motorola-g-play-2024-ecom-render-1-sapphire-blue-axdwcq6e.png?v=638410050598800000?w=640&q=75
Samsung,Galaxy A52 5G,128,6,6.5,64+12+5+5,4500,449,https://image-us.samsung.com/us/smartphones/galaxy-s24/all-gallery/01_E3_TitaniumGray_Lockup_1600x1200.jpg?$product-card-small-jpg$
Huawei,P40 Pro+,512,8,6.58,50+40+12+3D,4200,1399,https://consumer.huawei.com/content/dam/huawei-cbg-site/common/mkt/plp/phones-20230509/mate-series/mate50-pro.png
Apple,iPhone 11 Pro Max,64,4,6.5,12+12+12,3969,1099,https://store.storeimages.cdn-apple.com/4982/as-images.apple.com/is/iphone-card-40-iphone16prohero-202409?wid=680&hei=528&fmt=p-jpg&qlt=95&.v=1725567335931
Samsung,Galaxy Note20 5G,256,8,6.7,12+64+12,4300,999,https://image-us.samsung.com/us/smartphones/galaxy-s24/all-gallery/01_E3_TitaniumGray_Lockup_1600x1200.jpg?$product-card-small-jpg$
Xiaomi,Poco M3,128,4,6.53,48+2+2,6000,179,https://i02.appmifile.com/669_item_id/05/09/2024/81dcc3ebccfa92b5c364a77e3785bfae.png?thumb=1&w=500&f=webp&q=85
Nokia,5.4,64,4,6.39,48+5+2+2,4000,179,https://images.ctfassets.net/wcfotm6rrl7u/4Sbv0SYKWTkKEjD0nwHfqy/596676961398a384de07d924e8d29ae3/nokia-C12-dark_cyan-front_back-int.png?h=600&fm=avif
Oppo,Find X3 Neo 5G,256,12,6.55,50+16+13+2,4500,799,https://thumbor.oppo.co.id/unsafe/533x533/filters:format(webp):quality(80)/cdn.oppo.co.id/media/catalog/product/h/p/hp-reno12-5g-12-256-silver-oppo-reno12-5g-cph2625-euna-256gb-12gb-astro-silver-id.jpg
Samsung,Galaxy S20 Ultra 5G,512,16,6.9,108+48+12+3D,5000,1399,https://image-us.samsung.com/us/smartphones/galaxy-s24/all-gallery/01_E3_TitaniumGray_Lockup_1600x1200.jpg?$product-card-small-jpg$
Xiaomi,Redmi Note 9S,128,6,6.67,48+8+5+2,5020,229,https://i02.appmifile.com/669_item_id/05/09/2024/81dcc3ebccfa92b5c364a77e3785bfae.png?thumb=1&w=500&f=webp&q=85
Apple,iPhone 12 mini,256,4,5.4,12+12,2227,899,https://store.storeimages.cdn-apple.com/4982/as-images.apple.com/is/iphone-card-40-iphone16prohero-202409?wid=680&hei=528&fmt=p-jpg&qlt=95&.v=1725567335931
Samsung,Galaxy A21s,128,6,6.5,48+8+2+2,5000,199,https://image-us.samsung.com/us/smartphones/galaxy-s24/all-gallery/01_E3_TitaniumGray_Lockup_1600x1200.jpg?$product-card-small-jpg$
OnePlus,9,128,8,6.55,48+50+2,4500,729,"https://image01-eu.oneplus.net/media/202407/12/88a5d58ec62e1ad07ca2a9ec6a7a9fdd.png?x-amz-process=image/format,webp/quality,Q_80"
Motorola,Moto G9 Power,128,4,6.8,64+2+2,6000,229,https://motorolaus.vtexassets.com/arquivos/ids/164160/motorola-g-play-2024-ecom-render-1-sapphire-blue-axdwcq6e.png?v=638410050598800000?w=640&q=75
Samsung,Galaxy Z Fold2 5G,256,12,7.6 (unfolded),12+12+12,4500,1999,https://image-us.samsung.com/us/smartphones/galaxy-s24/all-gallery/01_E3_TitaniumGray_Lockup_1600x1200.jpg?$product-card-small-jpg$
Xiaomi,Mi 10T Pro 5G,128,8,6.67,108+13+5,5000,599,https://i02.appmifile.com/669_item_id/05/09/2024/81dcc3ebccfa92b5c364a77e3785bfae.png?thumb=1&w=500&f=webp&q=85
Oppo,Reno4 Pro 5G,256,12,6.5,48+13+12+2,4000,799,https://thumbor.oppo.co.id/unsafe/533x533/filters:format(webp):quality(80)/cdn.oppo.co.id/media/catalog/product/h/p/hp-reno12-5g-12-256-silver-oppo-reno12-5g-cph2625-euna-256gb-12gb-astro-silver-id.jpg
Huawei,P40 Pro,256,8,6.58,50+12+40+3D,4200,999,https://consumer.huawei.com/content/dam/huawei-cbg-site/common/mkt/plp/phones-20230509/mate-series/mate50-pro.png
Samsung,Galaxy S20 FE 5G,128,6,6.5,12+12+8,4500,699,https://image-us.samsung.com/us/smartphones/galaxy-s24/all-gallery/01_E3_TitaniumGray_Lockup_1600x1200.jpg?$product-card-small-jpg$
Nokia,2.4,32,2,6.5,13+2,4500,139,https://images.ctfassets.net/wcfotm6rrl7u/4Sbv0SYKWTkKEjD0nwHfqy/596676961398a384de07d924e8d29ae3/nokia-C12-dark_cyan-front_back-int.png?h=600&fm=avif
Apple,iPhone SE (2020),128,3,4.7,12,1821,449,https://store.storeimages.cdn-apple.com/4982/as-images.apple.com/is/iphone-card-40-iphone16prohero-202409?wid=680&hei=528&fmt=p-jpg&qlt=95&.v=1725567335931
Xiaomi,Redmi 9C,64,3,6.53,13+2+2,5000,119,https://i02.appmifile.com/669_item_id/05/09/2024/81dcc3ebccfa92b5c364a77e3785bfae.png?thumb=1&w=500&f=webp&q=85
Samsung,Galaxy A32 5G,128,4,6.5,48+8+5+2,5000,279,https://image-us.samsung.com/us/smartphones/galaxy-s24/all-gallery/01_E3_TitaniumGray_Lockup_1600x1200.jpg?$product-card-small-jpg$
OnePlus,Nord N10 5G,128,6,6.49,64+8+2+2,4300,299,"https://image01-eu.oneplus.net/media/202407/12/88a5d58ec62e1ad07ca2a9ec6a7a9fdd.png?x-amz-process=image/format,webp/quality,Q_80"
Huawei,Y7p,64,4,6.39,48+8+2,4000,199,https://consumer.huawei.com/content/dam/huawei-cbg-site/common/mkt/plp/phones-20230509/mate-series/mate50-pro.png
Apple,iPhone 12 Pro,128,6,6.1,12+12+12,2815,999,https://store.storeimages.cdn-apple.com/4982/as-images.apple.com/is/iphone-card-40-iphone16prohero-202409?wid=680&hei=528&fmt=p-jpg&qlt=95&.v=1725567335931
Samsung,Galaxy A42 5G,128,4,6.6,48+8+5+5,5000,329,https://image-us.samsung.com/us/smartphones/galaxy-s24/all-gallery/01_E3_TitaniumGray_Lockup_1600x1200.jpg?$product-card-small-jpg$
Xiaomi,Redmi Note 10 Pro,128,6,6.67,108+8+5+2,5020,329,https://i02.appmifile.com/669_item_id/05/09/2024/81dcc3ebccfa92b5c364a77e3785bfae.png?thumb=1&w=500&f=webp&q=85
Samsung,Galaxy S21,128,8,6.2,64+12+12,4000,799,https://image-us.samsung.com/us/smartphones/galaxy-s24/all-gallery/01_E3_TitaniumGray_Lockup_1600x1200.jpg?$product-card-small-jpg$
Apple,iPhone 11,128,4,6.1,12+12,3110,749,https://store.storeimages.cdn-apple.com/4982/as-images.apple.com/is/iphone-card-40-iphone16prohero-202409?wid=680&hei=528&fmt=p-jpg&qlt=95&.v=1725567335931
Xiaomi,Redmi 9T,128,4,6.53,48+8+2+2,6000,199,https://i02.appmifile.com/669_item_id/05/09/2024/81dcc3ebccfa92b5c364a77e3785bfae.png?thumb=1&w=500&f=webp&q=85
Google,Pixel 5,128,8,6,12.2+16,4080,699,https://lh3.googleusercontent.com/lA9N8SRML5QcGozPoXUWgcDEBsOtuyu6MgYJmm8nOzVtwc52GTu7fNhPp16fFsxxjxs4zwDDAv-1VbTO1CR0HYHsGxIcLG_z_IiS
Huawei,Nova 7i,128,8,6.4,48+8+2+2,4200,349,https://consumer.huawei.com/content/dam/huawei-cbg-site/common/mkt/plp/phones-20230509/mate-series/mate50-pro.png
Samsung,Galaxy S20 Ultra 5G,128,12,6.9,108+48+12+0.3,5000,1199,https://image-us.samsung.com/us/smartphones/galaxy-s24/all-gallery/01_E3_TitaniumGray_Lockup_1600x1200.jpg?$product-card-small-jpg$
OnePlus,8T,128,8,6.55,48+16+5+2,4500,749,"https://image01-eu.oneplus.net/media/202407/12/88a5d58ec62e1ad07ca2a9ec6a7a9fdd.png?x-amz-process=image/format,webp/quality,Q_80"
Motorola,Moto G8 Power,64,4,6.4,16+8+8+2,5000,200,https://motorolaus.vtexassets.com/arquivos/ids/164160/motorola-g-play-2024-ecom-render-1-sapphire-blue-axdwcq6e.png?v=638410050598800000?w=640&q=75
Realme,7,128,8,6.5,64+8+2+2,5000,299,https://image01.realme.net/general/20241009/1728446097174f15a74e9da3345d09192f17d6fea38de.png?width=1440&height=1440&size=1427135
Apple,iPhone XR,128,3,6.1,12+12,2942,599,https://store.storeimages.cdn-apple.com/4982/as-images.apple.com/is/iphone-card-40-iphone16prohero-202409?wid=680&hei=528&fmt=p-jpg&qlt=95&.v=1725567335931
Xiaomi,Poco M3,128,4,6.53,48+2+2,6000,149,https://i02.appmifile.com/669_item_id/05/09/2024/81dcc3ebccfa92b5c364a77e3785bfae.png?thumb=1&w=500&f=webp&q=85
Samsung,Galaxy A52 5G,128,6,6.5,64+12+5+5,4500,449,https://image-us.samsung.com/us/smartphones/galaxy-s24/all-gallery/01_E3_TitaniumGray_Lockup_1600x1200.jpg?$product-card-small-jpg$
Oppo,A93,128,8,6.43,48+8+2+2,4000,319,https://thumbor.oppo.co.id/unsafe/533x533/filters:format(webp):quality(80)/cdn.oppo.co.id/media/catalog/product/h/p/hp-reno12-5g-12-256-silver-oppo-reno12-5g-cph2625-euna-256gb-12gb-astro-silver-id.jpg
Motorola,Moto G Pro,128,4,6.4,48+16+2,4000,329,https://motorolaus.vtexassets.com/arquivos/ids/164160/motorola-g-play-2024-ecom-render-1-sapphire-blue-axdwcq6e.png?v=638410050598800000?w=640&q=75
Huawei,P30 Lite,128,4,6.15,48+8+2,3340,329,https://consumer.huawei.com/content/dam/huawei-cbg-site/common/mkt/plp/phones-20230509/mate-series/mate50-pro.png
Samsung,Galaxy Note20 5G,128,8,6.7,12+64+12,4300,1049,https://image-us.samsung.com/us/smartphones/galaxy-s24/all-gallery/01_E3_TitaniumGray_Lockup_1600x1200.jpg?$product-card-small-jpg$
Xiaomi,Mi 10 Lite 5G,128,6,6.57,48+8+2+2,4160,349,https://i02.appmifile.com/669_item_id/05/09/2024/81dcc3ebccfa92b5c364a77e3785bfae.png?thumb=1&w=500&f=webp&q=85
Apple,iPhone 12 Pro Max,128,6,6.7,12+12+12,3687,1099,https://store.storeimages.cdn-apple.com/4982/as-images.apple.com/is/iphone-card-40-iphone16prohero-202409?wid=680&hei=528&fmt=p-jpg&qlt=95&.v=1725567335931
Oppo,Reno3,128,8,6.4,48+13+8+2,4025,429,https://thumbor.oppo.co.id/unsafe/533x533/filters:format(webp):quality(80)/cdn.oppo.co.id/media/catalog/product/h/p/hp-reno12-5g-12-256-silver-oppo-reno12-5g-cph2625-euna-256gb-12gb-astro-silver-id.jpg
Samsung,Galaxy S10 Lite,128,6,6.7,48+12+5,4500,649,https://image-us.samsung.com/us/smartphones/galaxy-s24/all-gallery/01_E3_TitaniumGray_Lockup_1600x1200.jpg?$product-card-small-jpg$
