Brand,Model,Storage ,RAM ,Screen Size (inches),Camera (MP),Battery Capacity (mAh),Price ($),ImageURL,1 Star,2 Star,3 Star,4 Star,5 Star
Apple,iPhone 13 Pro,128 GB,6 GB,6.1,12 + 12 + 12,3095,999,https://store.storeimages.cdn-apple.com/4982/as-images.apple.com/is/iphone-card-40-iphone16prohero-202409?wid=680&hei=528&fmt=p-jpg&qlt=95&.v=1725567335931,7,4,14,20,56
Samsung,Galaxy S21 Ultra,256 GB,12 GB,6.8,108 + 10 + 10 + 12,5000,1199,https://image-us.samsung.com/us/smartphones/galaxy-s24/all-gallery/01_E3_TitaniumGray_Lockup_1600x1200.jpg?$product-card-small-jpg$,6,9,7,16,62
OnePlus,9 Pro,128 GB,8 GB,6.7,48 + 50 + 8 + 2,4500,899,"https://image01-eu.oneplus.net/media/202407/12/88a5d58ec62e1ad07ca2a9ec6a7a9fdd.png?x-amz-process=image/format,webp/quality,Q_80",9,7,19,27,38
Xiaomi,Redmi Note 10 Pro,128 GB,6 GB,6.67,64 + 8 + 5 + 2,5020,279,https://i02.appmifile.com/669_item_id/05/09/2024/81dcc3ebccfa92b5c364a77e3785bfae.png?thumb=1&w=500&f=webp&q=85,6,5,18,29,42
Google,Pixel 6,128 GB,8 GB,6.4,50 + 12.2,4614,799,https://lh3.googleusercontent.com/lA9N8SRML5QcGozPoXUWgcDEBsOtuyu6MgYJmm8nOzVtwc52GTu7fNhPp16fFsxxjxs4zwDDAv-1VbTO1CR0HYHsGxIcLG_z_IiS,10,12,27,25,27
Apple,iPhone 13,128 GB,4 GB,6.1,12 + 12,2815,799,https://store.storeimages.cdn-apple.com/4982/as-images.apple.com/is/iphone-card-40-iphone16prohero-202409?wid=680&hei=528&fmt=p-jpg&qlt=95&.v=1725567335931,2,10,13,18,57
Samsung,Galaxy Z Flip3,256 GB,8 GB,6.7,12 + 12,3300,999,https://image-us.samsung.com/us/smartphones/galaxy-s24/all-gallery/01_E3_TitaniumGray_Lockup_1600x1200.jpg?$product-card-small-jpg$,3,4,15,21,58
Xiaomi,Poco X3 Pro,128 GB,6 GB,6.67,48 + 8 + 2 + 2,5160,249,https://i02.appmifile.com/669_item_id/05/09/2024/81dcc3ebccfa92b5c364a77e3785bfae.png?thumb=1&w=500&f=webp&q=85,5,3,22,33,36
Oppo,Reno6 Pro+ 5G,128 GB,8 GB,6.55,50 + 13 + 16 + 2,4500,699,https://thumbor.oppo.co.id/unsafe/533x533/filters:format(webp):quality(80)/cdn.oppo.co.id/media/catalog/product/h/p/hp-reno12-5g-12-256-silver-oppo-reno12-5g-cph2625-euna-256gb-12gb-astro-silver-id.jpg,4,23,22,27,24
Vivo,X70 Pro+,256 GB,12 GB,6.78,50 + 48 + 12 + 8,4500,1199,https://asia-exshopstatic-vivofs.vivo.com/KuCZNhz3cVxH4yrP/id/1724768733590/d752127ec004922de62f8025d6be4799.png_w860-h860.webp,4,18,22,26,30
OnePlus,Nord CE 5G,128 GB,6 GB,6.43,64 + 8 + 2,4500,329,"https://image01-eu.oneplus.net/media/202407/12/88a5d58ec62e1ad07ca2a9ec6a7a9fdd.png?x-amz-process=image/format,webp/quality,Q_80",5,7,22,27,40
Samsung,Galaxy A52s 5G,128 GB,6 GB,6.5,64 + 12 + 5 + 5,4500,449,https://image-us.samsung.com/us/smartphones/galaxy-s24/all-gallery/01_E3_TitaniumGray_Lockup_1600x1200.jpg?$product-card-small-jpg$,4,4,16,20,56
Realme,GT Neo2,128 GB,8 GB,6.62,64 + 8 + 2,5000,329,https://image01.realme.net/general/20241009/1728446097174f15a74e9da3345d09192f17d6fea38de.png?width=1440&height=1440&size=1427135,2,16,28,20,34
Apple,iPhone 12 Mini,64 GB,4 GB,5.4,12 + 12,2227,700,https://store.storeimages.cdn-apple.com/4982/as-images.apple.com/is/iphone-card-40-iphone16prohero-202409?wid=680&hei=528&fmt=p-jpg&qlt=95&.v=1725567335931,7,5,4,21,64
Oppo,Find X3 Pro,256 GB,12 GB,6.7,50 + 50 + 13 + 3,4500,1199,https://thumbor.oppo.co.id/unsafe/533x533/filters:format(webp):quality(80)/cdn.oppo.co.id/media/catalog/product/h/p/hp-reno12-5g-12-256-silver-oppo-reno12-5g-cph2625-euna-256gb-12gb-astro-silver-id.jpg,5,17,27,26,25
Xiaomi,Mi 11 Lite 5G NE,128 GB,6 GB,6.55,64 + 8 + 5,4250,329,https://i02.appmifile.com/669_item_id/05/09/2024/81dcc3ebccfa92b5c364a77e3785bfae.png?thumb=1&w=500&f=webp&q=85,5,3,22,32,38
Samsung,Galaxy S21,128 GB,8 GB,6.2,64 + 12 + 12,4000,799,https://image-us.samsung.com/us/smartphones/galaxy-s24/all-gallery/01_E3_TitaniumGray_Lockup_1600x1200.jpg?$product-card-small-jpg$,4,8,14,14,60
Vivo,Y20s (G),128 GB,6 GB,6.51,50 + 2 + 2,5000,199,https://asia-exshopstatic-vivofs.vivo.com/KuCZNhz3cVxH4yrP/id/1724768733590/d752127ec004922de62f8025d6be4799.png_w860-h860.webp,10,20,20,22,28
Realme,8s 5G,128 GB,6 GB,6.5,48 + 2 + 2,5000,299,https://image01.realme.net/general/20241009/1728446097174f15a74e9da3345d09192f17d6fea38de.png?width=1440&height=1440&size=1427135,0,16,29,26,29
Oppo,A94,128 GB,8 GB,6.43,48 + 8 + 2 + 2,4310,379,https://thumbor.oppo.co.id/unsafe/533x533/filters:format(webp):quality(80)/cdn.oppo.co.id/media/catalog/product/h/p/hp-reno12-5g-12-256-silver-oppo-reno12-5g-cph2625-euna-256gb-12gb-astro-silver-id.jpg,2,15,24,31,29
Xiaomi,Redmi 10 Prime,128 GB,6 GB,6.5,50 + 8 + 2 + 2,6000,179,https://i02.appmifile.com/669_item_id/05/09/2024/81dcc3ebccfa92b5c364a77e3785bfae.png?thumb=1&w=500&f=webp&q=85,9,1,18,30,42
Samsung,Galaxy A22 5G,128 GB,4 GB,6.6,48 + 5,5000,279,https://image-us.samsung.com/us/smartphones/galaxy-s24/all-gallery/01_E3_TitaniumGray_Lockup_1600x1200.jpg?$product-card-small-jpg$,7,9,4,23,58
Realme,Narzo 50 Pro 5G,128 GB,6 GB,6.5,48 + 50 + 2,5000,249,https://image01.realme.net/general/20241009/1728446097174f15a74e9da3345d09192f17d6fea38de.png?width=1440&height=1440&size=1427135,4,19,26,22,29
OnePlus,9,128 GB,8 GB,6.55,48 + 50 + 2,4500,729,"https://image01-eu.oneplus.net/media/202407/12/88a5d58ec62e1ad07ca2a9ec6a7a9fdd.png?x-amz-process=image/format,webp/quality,Q_80",4,3,20,32,41
Xiaomi,Redmi Note 10 Pro Max,128 GB,6 GB,6.67,108 + 8 + 5 + 2,5020,279,https://i02.appmifile.com/669_item_id/05/09/2024/81dcc3ebccfa92b5c364a77e3785bfae.png?thumb=1&w=500&f=webp&q=85,0,0,19,34,47
Apple,iPhone 11,64 GB,4 GB,6.1,12 + 12,3110,599,https://store.storeimages.cdn-apple.com/4982/as-images.apple.com/is/iphone-card-40-iphone16prohero-202409?wid=680&hei=528&fmt=p-jpg&qlt=95&.v=1725567335931,5,3,12,15,66
Samsung,Galaxy A03s,32 GB,3 GB,6.5,13 + 2 + 2,5000,139,https://image-us.samsung.com/us/smartphones/galaxy-s24/all-gallery/01_E3_TitaniumGray_Lockup_1600x1200.jpg?$product-card-small-jpg$,2,5,9,21,63
Oppo,A74 5G,128 GB,6 GB,6.5,48 + 2 + 2,5000,299,https://thumbor.oppo.co.id/unsafe/533x533/filters:format(webp):quality(80)/cdn.oppo.co.id/media/catalog/product/h/p/hp-reno12-5g-12-256-silver-oppo-reno12-5g-cph2625-euna-256gb-12gb-astro-silver-id.jpg,6,15,21,27,31
Vivo,Y12s (2021),32 GB,3 GB,6.51,13 + 2,5000,139,https://asia-exshopstatic-vivofs.vivo.com/KuCZNhz3cVxH4yrP/id/1724768733590/d752127ec004922de62f8025d6be4799.png_w860-h860.webp,7,15,23,25,30
Realme,9i,128 GB,4 GB,6.5,50 + 2 + 2,6000,189,https://image01.realme.net/general/20241009/1728446097174f15a74e9da3345d09192f17d6fea38de.png?width=1440&height=1440&size=1427135,8,9,27,26,30
Samsung,Galaxy M52 5G,128 GB,6 GB,6.7,64 + 12 + 5 + 5,5000,449,https://image-us.samsung.com/us/smartphones/galaxy-s24/all-gallery/01_E3_TitaniumGray_Lockup_1600x1200.jpg?$product-card-small-jpg$,3,5,13,17,62
Xiaomi,Redmi 10,128 GB,4 GB,6.5,50 + 8 + 2 + 2,5000,179,https://i02.appmifile.com/669_item_id/05/09/2024/81dcc3ebccfa92b5c364a77e3785bfae.png?thumb=1&w=500&f=webp&q=85,5,8,18,31,39
Apple,iPhone SE (2nd Gen),64 GB,3 GB,4.7,12,1821,399,https://store.storeimages.cdn-apple.com/4982/as-images.apple.com/is/iphone-card-40-iphone16prohero-202409?wid=680&hei=528&fmt=p-jpg&qlt=95&.v=1725567335931,7,8,9,21,56
Oppo,A53s,128 GB,6 GB,6.5,13 + 2 + 2,5000,259,https://thumbor.oppo.co.id/unsafe/533x533/filters:format(webp):quality(80)/cdn.oppo.co.id/media/catalog/product/h/p/hp-reno12-5g-12-256-silver-oppo-reno12-5g-cph2625-euna-256gb-12gb-astro-silver-id.jpg,11,18,20,27,25
Vivo,Y33s,128 GB,8 GB,6.58,50 + 2 + 2,5000,279,https://asia-exshopstatic-vivofs.vivo.com/KuCZNhz3cVxH4yrP/id/1724768733590/d752127ec004922de62f8025d6be4799.png_w860-h860.webp,4,21,27,18,31
Realme,C25s,128 GB,4 GB,6.5,13 + 2 + 2,6000,159,https://image01.realme.net/general/20241009/1728446097174f15a74e9da3345d09192f17d6fea38de.png?width=1440&height=1440&size=1427135,7,18,25,21,29
Samsung,Galaxy A22 4G,128 GB,6 GB,6.4,48 + 5 + 2,5000,229,https://image-us.samsung.com/us/smartphones/galaxy-s24/all-gallery/01_E3_TitaniumGray_Lockup_1600x1200.jpg?$product-card-small-jpg$,0,6,5,20,69
OnePlus,Nord 2 5G,128 GB,8 GB,6.43,50 + 8 + 2,4500,399,"https://image01-eu.oneplus.net/media/202407/12/88a5d58ec62e1ad07ca2a9ec6a7a9fdd.png?x-amz-process=image/format,webp/quality,Q_80",9,5,19,32,35
Xiaomi,Poco M3 Pro 5G,64 GB,4 GB,6.5,48 + 2 + 2,5000,199,https://i02.appmifile.com/669_item_id/05/09/2024/81dcc3ebccfa92b5c364a77e3785bfae.png?thumb=1&w=500&f=webp&q=85,1,6,20,34,39
Apple,iPhone XR,64 GB,3 GB,6.1,12,2942,499,https://store.storeimages.cdn-apple.com/4982/as-images.apple.com/is/iphone-card-40-iphone16prohero-202409?wid=680&hei=528&fmt=p-jpg&qlt=95&.v=1725567335931,1,8,11,17,64
Oppo,A16,64 GB,3 GB,6.52,13 + 2 + 2,5000,159,https://thumbor.oppo.co.id/unsafe/533x533/filters:format(webp):quality(80)/cdn.oppo.co.id/media/catalog/product/h/p/hp-reno12-5g-12-256-silver-oppo-reno12-5g-cph2625-euna-256gb-12gb-astro-silver-id.jpg,2,16,24,24,34
Realme,C21Y,64 GB,4 GB,6.5,13 + 2 + 2,5000,129,https://image01.realme.net/general/20241009/1728446097174f15a74e9da3345d09192f17d6fea38de.png?width=1440&height=1440&size=1427135,5,12,30,23,30
Samsung,Galaxy F22,64 GB,4 GB,6.4,48 + 8 + 2 + 2,6000,189,https://image-us.samsung.com/us/smartphones/galaxy-s24/all-gallery/01_E3_TitaniumGray_Lockup_1600x1200.jpg?$product-card-small-jpg$,2,3,9,22,64
Oppo,F19 Pro+ 5G,128 GB,8 GB,6.43,64 + 8 + 2 + 2,4310,399,https://thumbor.oppo.co.id/unsafe/533x533/filters:format(webp):quality(80)/cdn.oppo.co.id/media/catalog/product/h/p/hp-reno12-5g-12-256-silver-oppo-reno12-5g-cph2625-euna-256gb-12gb-astro-silver-id.jpg,0,16,27,25,32
Xiaomi,Mi 11X,128 GB,8 GB,6.67,48 + 8 + 5,4520,529,https://i02.appmifile.com/669_item_id/05/09/2024/81dcc3ebccfa92b5c364a77e3785bfae.png?thumb=1&w=500&f=webp&q=85,2,6,22,34,37
Apple,iPhone 12 Mini,64 GB,4 GB,5.4,12 + 12,2227,699,https://store.storeimages.cdn-apple.com/4982/as-images.apple.com/is/iphone-card-40-iphone16prohero-202409?wid=680&hei=528&fmt=p-jpg&qlt=95&.v=1725567335931,8,6,9,21,57
Vivo,V21e,128 GB,8 GB,6.44,64 + 8,4000,369,https://asia-exshopstatic-vivofs.vivo.com/KuCZNhz3cVxH4yrP/id/1724768733590/d752127ec004922de62f8025d6be4799.png_w860-h860.webp,8,16,27,22,27
Realme,8 5G,128 GB,4 GB,6.5,48 + 2 + 2,5000,199,https://image01.realme.net/general/20241009/1728446097174f15a74e9da3345d09192f17d6fea38de.png?width=1440&height=1440&size=1427135,4,12,27,24,33
Samsung,Galaxy M12,64 GB,4 GB,6.5,48 + 5 + 2 + 2,6000,159,https://image-us.samsung.com/us/smartphones/galaxy-s24/all-gallery/01_E3_TitaniumGray_Lockup_1600x1200.jpg?$product-card-small-jpg$,2,0,17,19,61
Oppo,A16s,64 GB,4 GB,6.52,13 + 2 + 2,5000,179,https://thumbor.oppo.co.id/unsafe/533x533/filters:format(webp):quality(80)/cdn.oppo.co.id/media/catalog/product/h/p/hp-reno12-5g-12-256-silver-oppo-reno12-5g-cph2625-euna-256gb-12gb-astro-silver-id.jpg,8,12,25,25,30
Xiaomi,Redmi 9 Power,128 GB,4 GB,6.53,48 + 8 + 2 + 2,6000,189,https://i02.appmifile.com/669_item_id/05/09/2024/81dcc3ebccfa92b5c364a77e3785bfae.png?thumb=1&w=500&f=webp&q=85,10,3,19,30,38
Apple,iPhone 11 Pro Max,256 GB,4 GB,6.5,12 + 12 + 12,3969,1099,https://store.storeimages.cdn-apple.com/4982/as-images.apple.com/is/iphone-card-40-iphone16prohero-202409?wid=680&hei=528&fmt=p-jpg&qlt=95&.v=1725567335931,3,10,4,16,68
Vivo,Y20G,64 GB,4 GB,6.51,13 + 2 + 2,5000,169,https://asia-exshopstatic-vivofs.vivo.com/KuCZNhz3cVxH4yrP/id/1724768733590/d752127ec004922de62f8025d6be4799.png_w860-h860.webp,7,15,25,28,25
Realme,Narzo 50i,32 GB,2 GB,6.5,50 + 2,5000,99,https://image01.realme.net/general/20241009/1728446097174f15a74e9da3345d09192f17d6fea38de.png?width=1440&height=1440&size=1427135,2,12,34,23,30
Samsung,Galaxy A52s 5G,128 GB,6 GB,6.5,64 + 12 + 5 + 5,4500,459,https://image-us.samsung.com/us/smartphones/galaxy-s24/all-gallery/01_E3_TitaniumGray_Lockup_1600x1200.jpg?$product-card-small-jpg$,4,8,11,24,53
Oppo,A54,128 GB,4 GB,6.51,13 + 2 + 2,5000,239,https://thumbor.oppo.co.id/unsafe/533x533/filters:format(webp):quality(80)/cdn.oppo.co.id/media/catalog/product/h/p/hp-reno12-5g-12-256-silver-oppo-reno12-5g-cph2625-euna-256gb-12gb-astro-silver-id.jpg,8,12,22,29,30
Xiaomi,Redmi 9T,128 GB,4 GB,6.53,48 + 8 + 2 + 2,6000,199,https://i02.appmifile.com/669_item_id/05/09/2024/81dcc3ebccfa92b5c364a77e3785bfae.png?thumb=1&w=500&f=webp&q=85,0,4,22,33,41
Apple,iPhone 13 Pro Max,256 GB,6 GB,6.7,12 + 12 + 12,4352,1299,https://store.storeimages.cdn-apple.com/4982/as-images.apple.com/is/iphone-card-40-iphone16prohero-202409?wid=680&hei=528&fmt=p-jpg&qlt=95&.v=1725567335931,5,6,11,18,60
Vivo,Y33,128 GB,8 GB,6.58,50 + 2 + 2,5000,249,https://asia-exshopstatic-vivofs.vivo.com/KuCZNhz3cVxH4yrP/id/1724768733590/d752127ec004922de62f8025d6be4799.png_w860-h860.webp,0,11,24,31,33
Samsung,Galaxy A72,128 GB,8 GB,6.7,64 + 12 + 8 + 5,5000,429,https://image-us.samsung.com/us/smartphones/galaxy-s24/all-gallery/01_E3_TitaniumGray_Lockup_1600x1200.jpg?$product-card-small-jpg$,5,4,13,18,60
Oppo,Reno6 Pro 5G,128 GB,12 GB,6.55,64 + 8 + 2 + 2,4500,659,https://thumbor.oppo.co.id/unsafe/533x533/filters:format(webp):quality(80)/cdn.oppo.co.id/media/catalog/product/h/p/hp-reno12-5g-12-256-silver-oppo-reno12-5g-cph2625-euna-256gb-12gb-astro-silver-id.jpg,1,18,26,23,32
Xiaomi,Poco M3 Pro 5G,64 GB,4 GB,6.5,48 + 2 + 2,5000,199,https://i02.appmifile.com/669_item_id/05/09/2024/81dcc3ebccfa92b5c364a77e3785bfae.png?thumb=1&w=500&f=webp&q=85,2,0,19,32,46
Apple,iPhone SE (2020),64 GB,3 GB,4.7,12,1821,399,https://store.storeimages.cdn-apple.com/4982/as-images.apple.com/is/iphone-card-40-iphone16prohero-202409?wid=680&hei=528&fmt=p-jpg&qlt=95&.v=1725567335931,5,9,9,16,62
Vivo,Y53s,128 GB,8 GB,6.58,64 + 2,5000,269,https://asia-exshopstatic-vivofs.vivo.com/KuCZNhz3cVxH4yrP/id/1724768733590/d752127ec004922de62f8025d6be4799.png_w860-h860.webp,0,14,29,29,27
Realme,7i,128 GB,8 GB,6.5,64 + 8 + 2 + 2,5000,239,https://image01.realme.net/general/20241009/1728446097174f15a74e9da3345d09192f17d6fea38de.png?width=1440&height=1440&size=1427135,9,17,27,17,30
Samsung,Galaxy A52 5G,128 GB,6 GB,6.5,64 + 12 + 5 + 5,4500,449,https://image-us.samsung.com/us/smartphones/galaxy-s24/all-gallery/01_E3_TitaniumGray_Lockup_1600x1200.jpg?$product-card-small-jpg$,7,4,9,19,61
Oppo,F19 Pro,128 GB,8 GB,6.43,48 + 8 + 2 + 2,4310,359,https://thumbor.oppo.co.id/unsafe/533x533/filters:format(webp):quality(80)/cdn.oppo.co.id/media/catalog/product/h/p/hp-reno12-5g-12-256-silver-oppo-reno12-5g-cph2625-euna-256gb-12gb-astro-silver-id.jpg,7,21,21,23,29
Xiaomi,Redmi Note 10S,128 GB,6 GB,6.43,64 + 8 + 2 + 2,5000,229,https://i02.appmifile.com/669_item_id/05/09/2024/81dcc3ebccfa92b5c364a77e3785bfae.png?thumb=1&w=500&f=webp&q=85,6,3,24,30,37
Apple,iPhone XR,64 GB,3 GB,6.1,12 + 12,2942,499,https://store.storeimages.cdn-apple.com/4982/as-images.apple.com/is/iphone-card-40-iphone16prohero-202409?wid=680&hei=528&fmt=p-jpg&qlt=95&.v=1725567335931,3,6,11,11,69
Vivo,Y21s,128 GB,4 GB,6.51,50 + 2,5000,179,https://asia-exshopstatic-vivofs.vivo.com/KuCZNhz3cVxH4yrP/id/1724768733590/d752127ec004922de62f8025d6be4799.png_w860-h860.webp,7,13,24,26,30
Realme,C25s,128 GB,4 GB,6.5,13 + 2 + 2,6000,169,https://image01.realme.net/general/20241009/1728446097174f15a74e9da3345d09192f17d6fea38de.png?width=1440&height=1440&size=1427135,1,12,24,28,35
Samsung,Galaxy A22 5G,128 GB,4 GB,6.6,48 + 5 + 2,5000,239,https://image-us.samsung.com/us/smartphones/galaxy-s24/all-gallery/01_E3_TitaniumGray_Lockup_1600x1200.jpg?$product-card-small-jpg$,8,8,5,19,60
Oppo,A94,128 GB,8 GB,6.43,48 + 8 + 2 + 2,4310,329,https://thumbor.oppo.co.id/unsafe/533x533/filters:format(webp):quality(80)/cdn.oppo.co.id/media/catalog/product/h/p/hp-reno12-5g-12-256-silver-oppo-reno12-5g-cph2625-euna-256gb-12gb-astro-silver-id.jpg,7,18,24,21,30
Xiaomi,Mi 11 Lite 5G,128 GB,6 GB,6.55,64 + 8 + 5,4250,369,https://i02.appmifile.com/669_item_id/05/09/2024/81dcc3ebccfa92b5c364a77e3785bfae.png?thumb=1&w=500&f=webp&q=85,3,3,24,34,37
Apple,iPhone 11,128 GB,4 GB,6.1,12 + 12,3110,599,https://store.storeimages.cdn-apple.com/4982/as-images.apple.com/is/iphone-card-40-iphone16prohero-202409?wid=680&hei=528&fmt=p-jpg&qlt=95&.v=1725567335931,6,7,12,18,56
Vivo,X60 Pro,256 GB,12 GB,6.56,48 + 13 + 13,4200,799,https://asia-exshopstatic-vivofs.vivo.com/KuCZNhz3cVxH4yrP/id/1724768733590/d752127ec004922de62f8025d6be4799.png_w860-h860.webp,0,16,22,30,32
Realme,Narzo 50A,64 GB,4 GB,6.5,50 + 2,5000,139,https://image01.realme.net/general/20241009/1728446097174f15a74e9da3345d09192f17d6fea38de.png?width=1440&height=1440&size=1427135,3,15,28,26,27
Apple,iPhone 13,128GB,4GB,6.1,12MP + 12MP,2815,$799 ,https://store.storeimages.cdn-apple.com/4982/as-images.apple.com/is/iphone-card-40-iphone16prohero-202409?wid=680&hei=528&fmt=p-jpg&qlt=95&.v=1725567335931,6,10,8,22,54
Samsung,Galaxy S21,128GB,8GB,6.2,64MP + 12MP + 12MP,4000,$799 ,https://image-us.samsung.com/us/smartphones/galaxy-s24/all-gallery/01_E3_TitaniumGray_Lockup_1600x1200.jpg?$product-card-small-jpg$,0,5,13,17,64
OnePlus,Nord 2,128GB,8GB,6.43,50MP + 8MP + 2MP,4500,$399 ,"https://image01-eu.oneplus.net/media/202407/12/88a5d58ec62e1ad07ca2a9ec6a7a9fdd.png?x-amz-process=image/format,webp/quality,Q_80",11,5,17,25,41
Google,Pixel 6,128GB,8GB,6.4,50MP + 12MP,4600,$699 ,https://lh3.googleusercontent.com/lA9N8SRML5QcGozPoXUWgcDEBsOtuyu6MgYJmm8nOzVtwc52GTu7fNhPp16fFsxxjxs4zwDDAv-1VbTO1CR0HYHsGxIcLG_z_IiS,7,12,28,25,29
Xiaomi,Poco X4 Pro,128GB,6GB,6.67,48MP + 8MP + 2MP + 2MP,5160,$329 ,https://i02.appmifile.com/669_item_id/05/09/2024/81dcc3ebccfa92b5c364a77e3785bfae.png?thumb=1&w=500&f=webp&q=85,3,6,22,28,42
Realme,GT Master Edition,128GB,8GB,6.43,64MP + 8MP + 2MP,4300,$399 ,https://image01.realme.net/general/20241009/1728446097174f15a74e9da3345d09192f17d6fea38de.png?width=1440&height=1440&size=1427135,7,15,25,24,29
Vivo,X70 Pro+,256GB,12GB,6.78,50MP + 48MP + 12MP + 8MP,4450,$999 ,https://asia-exshopstatic-vivofs.vivo.com/KuCZNhz3cVxH4yrP/id/1724768733590/d752127ec004922de62f8025d6be4799.png_w860-h860.webp,5,12,28,20,36
Oppo,Reno6 Pro+,256GB,12GB,6.55,50MP + 16MP + 13MP + 2MP,4500,$699 ,https://thumbor.oppo.co.id/unsafe/533x533/filters:format(webp):quality(80)/cdn.oppo.co.id/media/catalog/product/h/p/hp-reno12-5g-12-256-silver-oppo-reno12-5g-cph2625-euna-256gb-12gb-astro-silver-id.jpg,7,15,24,26,28
Motorola,Edge 20 Pro,256GB,12GB,6.7,108MP + 16MP + 8MP,4500,$699 ,https://motorolaus.vtexassets.com/arquivos/ids/164160/motorola-g-play-2024-ecom-render-1-sapphire-blue-axdwcq6e.png?v=638410050598800000?w=640&q=75,3,15,25,24,33
Nokia,XR20,128GB,6GB,6.67,48MP + 13MP,4630,$549 ,https://images.ctfassets.net/wcfotm6rrl7u/4Sbv0SYKWTkKEjD0nwHfqy/596676961398a384de07d924e8d29ae3/nokia-C12-dark_cyan-front_back-int.png?h=600&fm=avif,10,11,25,21,32
Sony,Xperia 5 III,128GB,8GB,6.1,12MP + 12MP + 12MP,4500,"$1,299 ",https://sony.scene7.com/is/image/sonyglobalsolutions/3075_Primary_image_khakigreen-1200?$primaryshotPreset$&fmt=png-alpha,3,16,24,26,32
LG,Wing,256GB,8GB,6.8 + 3.9,64MP + 13MP + 12MP,4000,$999 ,https://www.lg.com/levant_en/images/plp-b2c/levanten-mobilephones-categoryselector-6.jpg,8,12,23,26,31
Asus,Zenfone 8 Flip,256GB,8GB,6.67,64MP + 12MP + 8MP,5000,$899 ,https://dlcdnwebimgs.asus.com/gain/F51F921B-C613-4095-9A0C-DFDF5E7E0908/w717/h525/w273,5,13,26,24,32
Blackberry,KEY2 LE,64GB,4GB,4.5,13MP + 5MP,3000,$399 ,https://drop.ndtv.com/TECH/product_database/images/5312013103100AM_635_blackberry_curve_8530.png,5,15,29,22,29
Samsung,Galaxy A72,128GB,6GB,6.7,64MP + 12MP + 8MP + 5MP,5000,$449 ,https://image-us.samsung.com/us/smartphones/galaxy-s24/all-gallery/01_E3_TitaniumGray_Lockup_1600x1200.jpg?$product-card-small-jpg$,8,0,8,21,63
Xiaomi,Redmi Note 10 Pro Max,128GB,6GB,6.67,108MP + 8MP + 5MP + 2MP,5020,$319 ,https://i02.appmifile.com/669_item_id/05/09/2024/81dcc3ebccfa92b5c364a77e3785bfae.png?thumb=1&w=500&f=webp&q=85,4,7,21,28,39
Realme,Narzo 50 Pro 5G,128GB,8GB,6.5,48MP + 50MP + 2MP,5000,$269 ,https://image01.realme.net/general/20241009/1728446097174f15a74e9da3345d09192f17d6fea38de.png?width=1440&height=1440&size=1427135,0,16,25,28,31
Oppo,F19 Pro+,128GB,8GB,6.43,48MP + 8MP + 2MP + 2MP,4310,$349 ,https://thumbor.oppo.co.id/unsafe/533x533/filters:format(webp):quality(80)/cdn.oppo.co.id/media/catalog/product/h/p/hp-reno12-5g-12-256-silver-oppo-reno12-5g-cph2625-euna-256gb-12gb-astro-silver-id.jpg,5,17,22,28,28
Vivo,Y33s,128GB,8GB,6.58,50MP + 2MP + 2MP,5000,$269 ,https://asia-exshopstatic-vivofs.vivo.com/KuCZNhz3cVxH4yrP/id/1724768733590/d752127ec004922de62f8025d6be4799.png_w860-h860.webp,6,19,26,21,27
Motorola,Moto G60,128GB,6GB,6.8,108MP + 8MP + 2MP,6000,$279 ,https://motorolaus.vtexassets.com/arquivos/ids/164160/motorola-g-play-2024-ecom-render-1-sapphire-blue-axdwcq6e.png?v=638410050598800000?w=640&q=75,2,16,23,25,34
Nokia,5.4,64GB,4GB,6.39,48MP + 5MP + 2MP,4000,$249 ,https://images.ctfassets.net/wcfotm6rrl7u/4Sbv0SYKWTkKEjD0nwHfqy/596676961398a384de07d924e8d29ae3/nokia-C12-dark_cyan-front_back-int.png?h=600&fm=avif,6,13,28,28,25
LG,K92 5G,128GB,6GB,6.7,64MP + 5MP + 2MP + 2MP,4000,$349 ,https://www.lg.com/levant_en/images/plp-b2c/levanten-mobilephones-categoryselector-6.jpg,9,14,21,25,32
Asus,Zenfone 8,128GB,6GB,5.9,64MP + 12MP,4000,$699 ,https://dlcdnwebimgs.asus.com/gain/F51F921B-C613-4095-9A0C-DFDF5E7E0908/w717/h525/w273,3,13,26,27,31
Blackberry,KEY2,64GB,6GB,4.5,12MP + 12MP,3500,$699 ,https://drop.ndtv.com/TECH/product_database/images/5312013103100AM_635_blackberry_curve_8530.png,6,12,27,26,29
CAT,S42,32GB,3GB,5.5,13MP + 5MP,4200,$299 ,https://icegames.co/image/cache/catalog/610214668202/6135lP6Y+vL._AC_SL1000_-550x550h.jpg,11,17,25,19,28
Samsung,Galaxy Z Flip 3,128GB,8GB,6.7,12MP + 12MP,3300,$999 ,https://image-us.samsung.com/us/smartphones/galaxy-s24/all-gallery/01_E3_TitaniumGray_Lockup_1600x1200.jpg?$product-card-small-jpg$,7,8,11,19,55
OnePlus,9 Pro,256GB,12GB,6.7,48MP + 50MP + 8MP,4500,$969 ,"https://image01-eu.oneplus.net/media/202407/12/88a5d58ec62e1ad07ca2a9ec6a7a9fdd.png?x-amz-process=image/format,webp/quality,Q_80",5,2,23,29,41
Xiaomi,Mi 11 Ultra,256GB,12GB,6.81,50MP + 48MP + 48MP,5000,"$1,199 ",https://i02.appmifile.com/669_item_id/05/09/2024/81dcc3ebccfa92b5c364a77e3785bfae.png?thumb=1&w=500&f=webp&q=85,6,7,18,26,44
Oppo,A16,32GB,3GB,6.52,13MP + 2MP + 2MP,5000,$149 ,https://thumbor.oppo.co.id/unsafe/533x533/filters:format(webp):quality(80)/cdn.oppo.co.id/media/catalog/product/h/p/hp-reno12-5g-12-256-silver-oppo-reno12-5g-cph2625-euna-256gb-12gb-astro-silver-id.jpg,4,19,23,25,29
Vivo,Y12A,32GB,3GB,6.51,13MP + 2MP,5000,$139 ,https://asia-exshopstatic-vivofs.vivo.com/KuCZNhz3cVxH4yrP/id/1724768733590/d752127ec004922de62f8025d6be4799.png_w860-h860.webp,4,14,24,24,34
Nokia,C20 Plus,32GB,3GB,6.5,8MP + 2MP,4950,$99 ,https://images.ctfassets.net/wcfotm6rrl7u/4Sbv0SYKWTkKEjD0nwHfqy/596676961398a384de07d924e8d29ae3/nokia-C12-dark_cyan-front_back-int.png?h=600&fm=avif,5,13,23,31,29
Samsung,Galaxy S20 FE 5G,128GB,6GB,6.5,12MP + 12MP + 8MP,4500,$699 ,https://image-us.samsung.com/us/smartphones/galaxy-s24/all-gallery/01_E3_TitaniumGray_Lockup_1600x1200.jpg?$product-card-small-jpg$,6,4,11,16,64
Motorola,Moto E7i Power,32GB,2GB,6.5,13MP + 2MP,5000,$99 ,https://motorolaus.vtexassets.com/arquivos/ids/164160/motorola-g-play-2024-ecom-render-1-sapphire-blue-axdwcq6e.png?v=638410050598800000?w=640&q=75,4,17,28,20,31
Xiaomi,Poco M3 Pro 5G,128GB,6GB,6.5,48MP + 2MP + 2MP,5000,$199 ,https://i02.appmifile.com/669_item_id/05/09/2024/81dcc3ebccfa92b5c364a77e3785bfae.png?thumb=1&w=500&f=webp&q=85,2,8,23,27,39
Realme,C21Y,64GB,4GB,6.5,13MP + 2MP + 2MP,5000,$169 ,https://image01.realme.net/general/20241009/1728446097174f15a74e9da3345d09192f17d6fea38de.png?width=1440&height=1440&size=1427135,2,16,31,24,27
Asus,ROG Phone 5,128GB,8GB,6.78,64MP + 13MP + 5MP,6000,$999 ,https://dlcdnwebimgs.asus.com/gain/F51F921B-C613-4095-9A0C-DFDF5E7E0908/w717/h525/w273,9,18,25,19,28
LG,Velvet 5G,128GB,6GB,6.8,48MP + 8MP + 5MP,4300,$499 ,https://www.lg.com/levant_en/images/plp-b2c/levanten-mobilephones-categoryselector-6.jpg,0,12,24,27,37
Blackberry,Evolve,64GB,6GB,5.99,12MP + 13MP,4000,$399 ,https://drop.ndtv.com/TECH/product_database/images/5312013103100AM_635_blackberry_curve_8530.png,5,18,25,23,29
Oppo,Reno 6 Pro+,256GB,12GB,6.55,50MP + 13MP + 16MP + 2MP,4500,$799 ,https://thumbor.oppo.co.id/unsafe/533x533/filters:format(webp):quality(80)/cdn.oppo.co.id/media/catalog/product/h/p/hp-reno12-5g-12-256-silver-oppo-reno12-5g-cph2625-euna-256gb-12gb-astro-silver-id.jpg,4,17,24,24,31
Samsung,Galaxy A03s,64GB,4GB,6.5,13MP + 2MP + 2MP,5000,$179 ,https://image-us.samsung.com/us/smartphones/galaxy-s24/all-gallery/01_E3_TitaniumGray_Lockup_1600x1200.jpg?$product-card-small-jpg$,4,4,13,20,59
Xiaomi,Redmi 10 Prime,128GB,6GB,6.5,50MP + 8MP + 2MP + 2MP,6000,$219 ,https://i02.appmifile.com/669_item_id/05/09/2024/81dcc3ebccfa92b5c364a77e3785bfae.png?thumb=1&w=500&f=webp&q=85,4,3,19,34,41
Motorola,Moto G50,64GB,4GB,6.5,48MP + 5MP + 2MP,5000,$249 ,https://motorolaus.vtexassets.com/arquivos/ids/164160/motorola-g-play-2024-ecom-render-1-sapphire-blue-axdwcq6e.png?v=638410050598800000?w=640&q=75,4,12,21,31,33
Realme,Narzo 50A,64GB,4GB,6.5,50MP + 2MP,6000,$149 ,https://image01.realme.net/general/20241009/1728446097174f15a74e9da3345d09192f17d6fea38de.png?width=1440&height=1440&size=1427135,6,12,23,28,31
Nokia,G20,64GB,4GB,6.5,48MP + 5MP,5050,$199 ,https://images.ctfassets.net/wcfotm6rrl7u/4Sbv0SYKWTkKEjD0nwHfqy/596676961398a384de07d924e8d29ae3/nokia-C12-dark_cyan-front_back-int.png?h=600&fm=avif,4,16,25,27,28
Samsung,Galaxy M32,128GB,6GB,6.4,64MP + 8MP + 2MP + 2MP,6000,$279 ,https://image-us.samsung.com/us/smartphones/galaxy-s24/all-gallery/01_E3_TitaniumGray_Lockup_1600x1200.jpg?$product-card-small-jpg$,1,2,12,18,68
Vivo,Y20G,64GB,4GB,6.51,13MP + 2MP + 2MP,5000,$179 ,https://asia-exshopstatic-vivofs.vivo.com/KuCZNhz3cVxH4yrP/id/1724768733590/d752127ec004922de62f8025d6be4799.png_w860-h860.webp,6,13,25,29,27
Asus,Zenfone 8 Flip,128GB,8GB,6.67,64MP + 12MP + 12MP,5000,$899 ,https://dlcdnwebimgs.asus.com/gain/F51F921B-C613-4095-9A0C-DFDF5E7E0908/w717/h525/w273,6,19,21,24,30
Oppo,A54,128GB,6GB,6.51,50MP + 2MP + 2MP,5000,$269 ,https://thumbor.oppo.co.id/unsafe/533x533/filters:format(webp):quality(80)/cdn.oppo.co.id/media/catalog/product/h/p/hp-reno12-5g-12-256-silver-oppo-reno12-5g-cph2625-euna-256gb-12gb-astro-silver-id.jpg,2,13,25,26,34
Samsung,Galaxy F22,128GB,6GB,6.4,48MP + 8MP + 2MP + 2MP,6000,$229 ,https://image-us.samsung.com/us/smartphones/galaxy-s24/all-gallery/01_E3_TitaniumGray_Lockup_1600x1200.jpg?$product-card-small-jpg$,3,11,12,16,58
Xiaomi,Mi 11 Lite 5G,128GB,6GB,6.55,64MP + 8MP + 5MP,4250,$399 ,https://i02.appmifile.com/669_item_id/05/09/2024/81dcc3ebccfa92b5c364a77e3785bfae.png?thumb=1&w=500&f=webp&q=85,0,3,21,30,46
Realme,8i,128GB,4GB,6.6,50MP + 2MP + 2MP,5000,$239 ,https://image01.realme.net/general/20241009/1728446097174f15a74e9da3345d09192f17d6fea38de.png?width=1440&height=1440&size=1427135,7,16,26,23,28
Nokia,C30,64GB,3GB,6.82,13MP + 2MP,6000,$149 ,https://images.ctfassets.net/wcfotm6rrl7u/4Sbv0SYKWTkKEjD0nwHfqy/596676961398a384de07d924e8d29ae3/nokia-C12-dark_cyan-front_back-int.png?h=600&fm=avif,10,15,27,24,25
Samsung,Galaxy A32,128GB,6GB,6.4,64MP + 8MP + 5MP + 5MP,5000,$279 ,https://image-us.samsung.com/us/smartphones/galaxy-s24/all-gallery/01_E3_TitaniumGray_Lockup_1600x1200.jpg?$product-card-small-jpg$,0,4,8,20,68
Xiaomi,Redmi Note 10 Pro Max,128GB,8GB,6.67,108MP + 8MP + 5MP + 2MP,5020,$329 ,https://i02.appmifile.com/669_item_id/05/09/2024/81dcc3ebccfa92b5c364a77e3785bfae.png?thumb=1&w=500&f=webp&q=85,5,2,15,37,42
Realme,C21Y,64GB,4GB,6.5,13MP + 2MP + 2MP,5000,$149 ,https://image01.realme.net/general/20241009/1728446097174f15a74e9da3345d09192f17d6fea38de.png?width=1440&height=1440&size=1427135,3,16,26,26,30
Nokia,XR20,128GB,6GB,6.67,48MP + 13MP,4630,$549 ,https://images.ctfassets.net/wcfotm6rrl7u/4Sbv0SYKWTkKEjD0nwHfqy/596676961398a384de07d924e8d29ae3/nokia-C12-dark_cyan-front_back-int.png?h=600&fm=avif,0,12,30,29,29
Samsung,Galaxy A52s 5G,128GB,6GB,6.5,64MP + 12MP + 5MP + 5MP,4500,$449 ,https://image-us.samsung.com/us/smartphones/galaxy-s24/all-gallery/01_E3_TitaniumGray_Lockup_1600x1200.jpg?$product-card-small-jpg$,8,1,11,16,64
Vivo,Y33s,128GB,8GB,6.58,50MP + 2MP,5000,$279 ,https://asia-exshopstatic-vivofs.vivo.com/KuCZNhz3cVxH4yrP/id/1724768733590/d752127ec004922de62f8025d6be4799.png_w860-h860.webp,7,13,23,23,34
Oppo,A16s,64GB,4GB,6.52,13MP + 2MP + 2MP,5000,$199 ,https://thumbor.oppo.co.id/unsafe/533x533/filters:format(webp):quality(80)/cdn.oppo.co.id/media/catalog/product/h/p/hp-reno12-5g-12-256-silver-oppo-reno12-5g-cph2625-euna-256gb-12gb-astro-silver-id.jpg,3,16,23,27,31
Motorola,Moto G Stylus 5G,128GB,5GB,6.8,48MP + 8MP + 5MP,5000,$399 ,https://motorolaus.vtexassets.com/arquivos/ids/164160/motorola-g-play-2024-ecom-render-1-sapphire-blue-axdwcq6e.png?v=638410050598800000?w=640&q=75,3,20,23,26,28
Xiaomi,Poco M3 Pro 5G,64GB,4GB,6.5,48MP + 2MP + 2MP,5000,$179 ,https://i02.appmifile.com/669_item_id/05/09/2024/81dcc3ebccfa92b5c364a77e3785bfae.png?thumb=1&w=500&f=webp&q=85,1,4,22,30,43
Realme,GT Neo2,128GB,8GB,6.62,64MP + 8MP + 2MP,5000,$399 ,https://image01.realme.net/general/20241009/1728446097174f15a74e9da3345d09192f17d6fea38de.png?width=1440&height=1440&size=1427135,1,14,27,25,33
Nokia,C20 Plus,32GB,3GB,6.5,8MP + 2MP,4950,$109 ,https://images.ctfassets.net/wcfotm6rrl7u/4Sbv0SYKWTkKEjD0nwHfqy/596676961398a384de07d924e8d29ae3/nokia-C12-dark_cyan-front_back-int.png?h=600&fm=avif,8,14,22,25,31
Samsung,Galaxy A21s,128GB,4GB,6.5,48MP + 8MP + 2MP + 2MP,5000,$219 ,https://image-us.samsung.com/us/smartphones/galaxy-s24/all-gallery/01_E3_TitaniumGray_Lockup_1600x1200.jpg?$product-card-small-jpg$,7,5,11,19,59
Vivo,Y12s,32GB,3GB,6.51,13MP + 2MP,5000,$149 ,https://asia-exshopstatic-vivofs.vivo.com/KuCZNhz3cVxH4yrP/id/1724768733590/d752127ec004922de62f8025d6be4799.png_w860-h860.webp,11,11,26,22,29
Oppo,F19s,128GB,6GB,6.43,48MP + 2MP + 2MP,5000,$299 ,https://thumbor.oppo.co.id/unsafe/533x533/filters:format(webp):quality(80)/cdn.oppo.co.id/media/catalog/product/h/p/hp-reno12-5g-12-256-silver-oppo-reno12-5g-cph2625-euna-256gb-12gb-astro-silver-id.jpg,3,15,25,25,32
Realme,Narzo 30 Pro 5G,128GB,8GB,6.5,48MP + 8MP + 2MP,5000,$279 ,https://image01.realme.net/general/20241009/1728446097174f15a74e9da3345d09192f17d6fea38de.png?width=1440&height=1440&size=1427135,4,17,26,22,31
Samsung,Galaxy A03s,32GB,3GB,6.5,13MP + 2MP + 2MP,5000,$149 ,https://image-us.samsung.com/us/smartphones/galaxy-s24/all-gallery/01_E3_TitaniumGray_Lockup_1600x1200.jpg?$product-card-small-jpg$,4,5,15,17,60
Xiaomi,Redmi 10 Prime,128GB,4GB,6.5,50MP + 8MP + 2MP + 2MP,6000,$189 ,https://i02.appmifile.com/669_item_id/05/09/2024/81dcc3ebccfa92b5c364a77e3785bfae.png?thumb=1&w=500&f=webp&q=85,2,4,22,31,41
Motorola,Moto G Pure,32GB,3GB,6.5,48MP + 2MP,5000,$169 ,https://motorolaus.vtexassets.com/arquivos/ids/164160/motorola-g-play-2024-ecom-render-1-sapphire-blue-axdwcq6e.png?v=638410050598800000?w=640&q=75,9,15,23,25,28
Oppo,Reno6 Z 5G,128GB,8GB,6.4,64MP + 8MP + 2MP,4310,$389 ,https://thumbor.oppo.co.id/unsafe/533x533/filters:format(webp):quality(80)/cdn.oppo.co.id/media/catalog/product/h/p/hp-reno12-5g-12-256-silver-oppo-reno12-5g-cph2625-euna-256gb-12gb-astro-silver-id.jpg,5,14,26,25,30
Samsung,Galaxy S21 Ultra 5G,256GB,12GB,6.8,108MP + 12MP + 10MP + 10MP,5000,"$1,199 ",https://image-us.samsung.com/us/smartphones/galaxy-s24/all-gallery/01_E3_TitaniumGray_Lockup_1600x1200.jpg?$product-card-small-jpg$,5,11,11,20,54
Vivo,Y53s,128GB,8GB,6.58,64MP + 2MP,5000,$299 ,https://asia-exshopstatic-vivofs.vivo.com/KuCZNhz3cVxH4yrP/id/1724768733590/d752127ec004922de62f8025d6be4799.png_w860-h860.webp,4,13,29,21,34
Realme,8i,128GB,4GB,6.6,50MP + 2MP + 2MP,5000,$219 ,https://image01.realme.net/general/20241009/1728446097174f15a74e9da3345d09192f17d6fea38de.png?width=1440&height=1440&size=1427135,7,13,25,24,30
Nokia,G50,64GB,4GB,6.82,48MP + 5MP + 2MP,5000,$299 ,https://images.ctfassets.net/wcfotm6rrl7u/4Sbv0SYKWTkKEjD0nwHfqy/596676961398a384de07d924e8d29ae3/nokia-C12-dark_cyan-front_back-int.png?h=600&fm=avif,7,13,28,25,27
Xiaomi,Redmi 9 Activ,64GB,4GB,6.53,13MP + 2MP,5000,$149 ,https://i02.appmifile.com/669_item_id/05/09/2024/81dcc3ebccfa92b5c364a77e3785bfae.png?thumb=1&w=500&f=webp&q=85,0,7,18,35,40
Oppo,A54s,128GB,6GB,6.5,50MP + 2MP + 2MP,5000,$249 ,https://thumbor.oppo.co.id/unsafe/533x533/filters:format(webp):quality(80)/cdn.oppo.co.id/media/catalog/product/h/p/hp-reno12-5g-12-256-silver-oppo-reno12-5g-cph2625-euna-256gb-12gb-astro-silver-id.jpg,7,11,28,25,28
Samsung,Galaxy M22,128GB,4GB,6.4,48MP + 8MP + 2MP + 2MP,5000,$219 ,https://image-us.samsung.com/us/smartphones/galaxy-s24/all-gallery/01_E3_TitaniumGray_Lockup_1600x1200.jpg?$product-card-small-jpg$,1,11,11,16,61
Motorola,Moto G Power 2022,128GB,4GB,6.6,48MP + 8MP + 2MP,5000,$249 ,https://motorolaus.vtexassets.com/arquivos/ids/164160/motorola-g-play-2024-ecom-render-1-sapphire-blue-axdwcq6e.png?v=638410050598800000?w=640&q=75,4,20,24,22,30
Vivo,Y21s,128GB,4GB,6.51,50MP + 2MP,5000,$179 ,https://asia-exshopstatic-vivofs.vivo.com/KuCZNhz3cVxH4yrP/id/1724768733590/d752127ec004922de62f8025d6be4799.png_w860-h860.webp,2,13,23,28,33
Xiaomi,Poco X3 GT,128GB,8GB,6.6,64MP + 8MP + 2MP,5000,$299 ,https://i02.appmifile.com/669_item_id/05/09/2024/81dcc3ebccfa92b5c364a77e3785bfae.png?thumb=1&w=500&f=webp&q=85,0,3,22,34,41
Samsung,Galaxy F42 5G,128GB,8GB,6.6,64MP + 8MP + 5MP,5000,$309 ,https://image-us.samsung.com/us/smartphones/galaxy-s24/all-gallery/01_E3_TitaniumGray_Lockup_1600x1200.jpg?$product-card-small-jpg$,0,7,10,20,63
Oppo,A16s,128GB,4GB,6.52,13MP + 2MP + 2MP,5000,$179 ,https://thumbor.oppo.co.id/unsafe/533x533/filters:format(webp):quality(80)/cdn.oppo.co.id/media/catalog/product/h/p/hp-reno12-5g-12-256-silver-oppo-reno12-5g-cph2625-euna-256gb-12gb-astro-silver-id.jpg,1,8,26,36,29
Vivo,V21e,128GB,8GB,6.44,64MP + 8MP,4000,$369 ,https://asia-exshopstatic-vivofs.vivo.com/KuCZNhz3cVxH4yrP/id/1724768733590/d752127ec004922de62f8025d6be4799.png_w860-h860.webp,3,14,26,21,35
Realme,GT Master Edition,128GB,6GB,6.43,64MP + 8MP + 2MP,4300,$349 ,https://image01.realme.net/general/20241009/1728446097174f15a74e9da3345d09192f17d6fea38de.png?width=1440&height=1440&size=1427135,1,16,24,21,38
Motorola,Edge 20 Fusion,128GB,6GB,6.7,108MP + 8MP + 2MP,5000,$499 ,https://motorolaus.vtexassets.com/arquivos/ids/164160/motorola-g-play-2024-ecom-render-1-sapphire-blue-axdwcq6e.png?v=638410050598800000?w=640&q=75,5,18,24,26,27
Samsung,Galaxy A21s,64GB,4GB,6.5,48MP + 8MP + 2MP + 2MP,5000,$199 ,https://image-us.samsung.com/us/smartphones/galaxy-s24/all-gallery/01_E3_TitaniumGray_Lockup_1600x1200.jpg?$product-card-small-jpg$,2,10,8,19,61
Xiaomi,Redmi Note 10S,128GB,6GB,6.43,64MP + 8MP + 2MP + 2MP,5000,$229 ,https://i02.appmifile.com/669_item_id/05/09/2024/81dcc3ebccfa92b5c364a77e3785bfae.png?thumb=1&w=500&f=webp&q=85,8,1,21,31,39
Oppo,A74 5G,128GB,6GB,6.5,48MP + 2MP + 2MP,5000,$299 ,https://thumbor.oppo.co.id/unsafe/533x533/filters:format(webp):quality(80)/cdn.oppo.co.id/media/catalog/product/h/p/hp-reno12-5g-12-256-silver-oppo-reno12-5g-cph2625-euna-256gb-12gb-astro-silver-id.jpg,1,17,27,27,27
Realme,C21,64GB,3GB,6.5,13MP + 2MP + 2MP,5000,$129 ,https://image01.realme.net/general/20241009/1728446097174f15a74e9da3345d09192f17d6fea38de.png?width=1440&height=1440&size=1427135,7,12,24,27,30
Samsung,Galaxy M52 5G,128GB,6GB,6.7,64MP + 12MP + 5MP + 5MP,5000,$449 ,https://image-us.samsung.com/us/smartphones/galaxy-s24/all-gallery/01_E3_TitaniumGray_Lockup_1600x1200.jpg?$product-card-small-jpg$,9,5,8,16,63
Vivo,V21 5G,128GB,8GB,6.44,64MP + 8MP,4000,$499 ,https://asia-exshopstatic-vivofs.vivo.com/KuCZNhz3cVxH4yrP/id/1724768733590/d752127ec004922de62f8025d6be4799.png_w860-h860.webp,1,16,24,27,31
Xiaomi,Redmi Note 9 Pro Max,128GB,6GB,6.67,64MP + 8MP + 5MP + 2MP,5020,$279 ,https://i02.appmifile.com/669_item_id/05/09/2024/81dcc3ebccfa92b5c364a77e3785bfae.png?thumb=1&w=500&f=webp&q=85,10,5,16,30,39
Motorola,Moto G Stylus 5G,128GB,5GB,6.8,48MP + 8MP + 5MP,5000,$399 ,https://motorolaus.vtexassets.com/arquivos/ids/164160/motorola-g-play-2024-ecom-render-1-sapphire-blue-axdwcq6e.png?v=638410050598800000?w=640&q=75,4,19,17,27,31
Oppo,Reno6 Pro+ 5G,256GB,12GB,6.55,50MP + 16MP + 13MP + 2MP,4500,$849 ,https://thumbor.oppo.co.id/unsafe/533x533/filters:format(webp):quality(80)/cdn.oppo.co.id/media/catalog/product/h/p/hp-reno12-5g-12-256-silver-oppo-reno12-5g-cph2625-euna-256gb-12gb-astro-silver-id.jpg,4,19,22,26,29
Realme,Narzo 30 Pro 5G,128GB,6GB,6.5,48MP + 8MP + 2MP,5000,$279 ,https://image01.realme.net/general/20241009/1728446097174f15a74e9da3345d09192f17d6fea38de.png?width=1440&height=1440&size=1427135,1,16,29,25,29
Samsung,Galaxy A32,128GB,4GB,6.4,64MP + 8MP + 5MP + 2MP,5000,$299 ,https://image-us.samsung.com/us/smartphones/galaxy-s24/all-gallery/01_E3_TitaniumGray_Lockup_1600x1200.jpg?$product-card-small-jpg$,5,11,4,18,63
Xiaomi,Poco X3 Pro,128GB,6GB,6.67,48MP + 8MP + 2MP + 2MP,5160,$249 ,https://i02.appmifile.com/669_item_id/05/09/2024/81dcc3ebccfa92b5c364a77e3785bfae.png?thumb=1&w=500&f=webp&q=85,6,13,21,26,35
Realme,C25s,128GB,4GB,6.5,13MP + 2MP + 2MP,6000,$149 ,https://image01.realme.net/general/20241009/1728446097174f15a74e9da3345d09192f17d6fea38de.png?width=1440&height=1440&size=1427135,7,9,29,27,29
Motorola,Moto G Power 2021,64GB,4GB,6.6,48MP + 2MP,5000,$199 ,https://motorolaus.vtexassets.com/arquivos/ids/164160/motorola-g-play-2024-ecom-render-1-sapphire-blue-axdwcq6e.png?v=638410050598800000?w=640&q=75,8,13,25,25,28
Samsung,Galaxy A52s 5G,128GB,6GB,6.5,64MP + 12MP + 5MP + 5MP,4500,$469 ,https://image-us.samsung.com/us/smartphones/galaxy-s24/all-gallery/01_E3_TitaniumGray_Lockup_1600x1200.jpg?$product-card-small-jpg$,0,1,11,20,67
Vivo,V21e 5G,128GB,8GB,6.44,64MP + 8MP,4000,$329 ,https://asia-exshopstatic-vivofs.vivo.com/KuCZNhz3cVxH4yrP/id/1724768733590/d752127ec004922de62f8025d6be4799.png_w860-h860.webp,4,16,24,26,30
Oppo,A53s 5G,128GB,6GB,6.52,13MP + 2MP + 2MP,5000,$279 ,https://thumbor.oppo.co.id/unsafe/533x533/filters:format(webp):quality(80)/cdn.oppo.co.id/media/catalog/product/h/p/hp-reno12-5g-12-256-silver-oppo-reno12-5g-cph2625-euna-256gb-12gb-astro-silver-id.jpg,5,16,19,25,35
Realme,GT Neo2,128GB,8GB,6.62,64MP + 8MP + 2MP,5000,$369 ,https://image01.realme.net/general/20241009/1728446097174f15a74e9da3345d09192f17d6fea38de.png?width=1440&height=1440&size=1427135,12,15,21,24,27
Samsung,Galaxy M32,128GB,4GB,6.4,64MP + 8MP + 2MP + 2MP,6000,$269 ,https://image-us.samsung.com/us/smartphones/galaxy-s24/all-gallery/01_E3_TitaniumGray_Lockup_1600x1200.jpg?$product-card-small-jpg$,8,5,9,20,59
Xiaomi,Mi 11 Lite NE,128GB,6GB,6.55,64MP + 8MP + 5MP,4250,$329 ,https://i02.appmifile.com/669_item_id/05/09/2024/81dcc3ebccfa92b5c364a77e3785bfae.png?thumb=1&w=500&f=webp&q=85,2,1,21,34,43
Motorola,Moto G Stylus 2021,128GB,4GB,6.4,48MP + 8MP + 2MP,4000,$299 ,https://motorolaus.vtexassets.com/arquivos/ids/164160/motorola-g-play-2024-ecom-render-1-sapphire-blue-axdwcq6e.png?v=638410050598800000?w=640&q=75,1,15,28,25,31
Oppo,A54s 5G,128GB,6GB,6.5,48MP + 2MP + 2MP,5000,$299 ,https://thumbor.oppo.co.id/unsafe/533x533/filters:format(webp):quality(80)/cdn.oppo.co.id/media/catalog/product/h/p/hp-reno12-5g-12-256-silver-oppo-reno12-5g-cph2625-euna-256gb-12gb-astro-silver-id.jpg,2,17,27,26,28
Samsung,Galaxy F41,128GB,6GB,6.4,64MP + 8MP + 5MP,6000,$239 ,https://image-us.samsung.com/us/smartphones/galaxy-s24/all-gallery/01_E3_TitaniumGray_Lockup_1600x1200.jpg?$product-card-small-jpg$,5,4,14,20,57
Xiaomi,Redmi Note 10 Pro,128GB,6GB,6.67,64MP + 8MP + 5MP + 2MP,5020,$329 ,https://i02.appmifile.com/669_item_id/05/09/2024/81dcc3ebccfa92b5c364a77e3785bfae.png?thumb=1&w=500&f=webp&q=85,3,9,22,29,37
Realme,Narzo 50A,128GB,4GB,6.5,50MP + 2MP,5000,$149 ,https://image01.realme.net/general/20241009/1728446097174f15a74e9da3345d09192f17d6fea38de.png?width=1440&height=1440&size=1427135,11,14,26,24,25
Oppo,A16s,64GB,4GB,6.52,13MP + 2MP + 2MP,5000,$189 ,https://thumbor.oppo.co.id/unsafe/533x533/filters:format(webp):quality(80)/cdn.oppo.co.id/media/catalog/product/h/p/hp-reno12-5g-12-256-silver-oppo-reno12-5g-cph2625-euna-256gb-12gb-astro-silver-id.jpg,0,14,27,28,31
Samsung,Galaxy M52,128GB,6GB,6.7,64MP + 12MP + 5MP + 5MP,5000,$449 ,https://image-us.samsung.com/us/smartphones/galaxy-s24/all-gallery/01_E3_TitaniumGray_Lockup_1600x1200.jpg?$product-card-small-jpg$,9,1,6,28,56
Vivo,V21 5G,128GB,8GB,6.44,64MP + 8MP + 2MP,4000,$399 ,https://asia-exshopstatic-vivofs.vivo.com/KuCZNhz3cVxH4yrP/id/1724768733590/d752127ec004922de62f8025d6be4799.png_w860-h860.webp,4,12,28,25,31
Motorola,Moto G50s,128GB,4GB,6.5,48MP + 5MP + 2MP,5000,$249 ,https://motorolaus.vtexassets.com/arquivos/ids/164160/motorola-g-play-2024-ecom-render-1-sapphire-blue-axdwcq6e.png?v=638410050598800000?w=640&q=75,6,17,19,28,30
Samsung,Galaxy A13,64GB,4GB,6.5,50MP + 5MP,5000,$189 ,https://image-us.samsung.com/us/smartphones/galaxy-s24/all-gallery/01_E3_TitaniumGray_Lockup_1600x1200.jpg?$product-card-small-jpg$,2,9,6,21,62
Xiaomi,Redmi 9 Activ,128GB,6GB,6.53,50MP + 2MP,5000,$209 ,https://i02.appmifile.com/669_item_id/05/09/2024/81dcc3ebccfa92b5c364a77e3785bfae.png?thumb=1&w=500&f=webp&q=85,8,5,21,31,35
Realme,7i,128GB,8GB,6.5,64MP + 8MP + 2MP + 2MP,5000,$199 ,https://image01.realme.net/general/20241009/1728446097174f15a74e9da3345d09192f17d6fea38de.png?width=1440&height=1440&size=1427135,5,16,21,26,31
Oppo,A74 5G,128GB,6GB,6.5,48MP + 2MP + 2MP,5000,$299 ,https://thumbor.oppo.co.id/unsafe/533x533/filters:format(webp):quality(80)/cdn.oppo.co.id/media/catalog/product/h/p/hp-reno12-5g-12-256-silver-oppo-reno12-5g-cph2625-euna-256gb-12gb-astro-silver-id.jpg,5,13,23,24,34
Samsung,Galaxy A42 5G,128GB,4GB,6.6,48MP + 8MP + 5MP + 5MP,5000,$329 ,https://image-us.samsung.com/us/smartphones/galaxy-s24/all-gallery/01_E3_TitaniumGray_Lockup_1600x1200.jpg?$product-card-small-jpg$,3,8,10,20,58
Vivo,Y33s,128GB,8GB,6.58,50MP + 2MP + 2MP,5000,$249 ,https://asia-exshopstatic-vivofs.vivo.com/KuCZNhz3cVxH4yrP/id/1724768733590/d752127ec004922de62f8025d6be4799.png_w860-h860.webp,0,17,30,24,29
Motorola,Moto G9 Power Lite,64GB,4GB,6.5,48MP + 2MP + 2MP,6000,$149 ,https://motorolaus.vtexassets.com/arquivos/ids/164160/motorola-g-play-2024-ecom-render-1-sapphire-blue-axdwcq6e.png?v=638410050598800000?w=640&q=75,3,15,21,29,31
Realme,C21Y,64GB,4GB,6.5,13MP + 2MP + 2MP,5000,$119 ,https://image01.realme.net/general/20241009/1728446097174f15a74e9da3345d09192f17d6fea38de.png?width=1440&height=1440&size=1427135,8,17,24,21,30
Samsung,Galaxy A22,128GB,4GB,6.4,48MP + 8MP + 2MP + 2MP,5000,$219 ,https://image-us.samsung.com/us/smartphones/galaxy-s24/all-gallery/01_E3_TitaniumGray_Lockup_1600x1200.jpg?$product-card-small-jpg$,3,4,6,21,67
Xiaomi,Redmi Note 10S,128GB,6GB,6.43,64MP + 8MP + 2MP + 2MP,5000,$279 ,https://i02.appmifile.com/669_item_id/05/09/2024/81dcc3ebccfa92b5c364a77e3785bfae.png?thumb=1&w=500&f=webp&q=85,9,5,19,30,37
Oppo,A74,128GB,6GB,6.43,48MP + 2MP + 2MP,5000,$299 ,https://thumbor.oppo.co.id/unsafe/533x533/filters:format(webp):quality(80)/cdn.oppo.co.id/media/catalog/product/h/p/hp-reno12-5g-12-256-silver-oppo-reno12-5g-cph2625-euna-256gb-12gb-astro-silver-id.jpg,7,17,24,22,30
Samsung,Galaxy A32,128GB,4GB,6.4,64MP + 8MP + 5MP + 5MP,5000,$269 ,https://image-us.samsung.com/us/smartphones/galaxy-s24/all-gallery/01_E3_TitaniumGray_Lockup_1600x1200.jpg?$product-card-small-jpg$,6,11,8,21,54
Vivo,Y72 5G,128GB,8GB,6.58,64MP + 8MP + 2MP,5000,$339 ,https://asia-exshopstatic-vivofs.vivo.com/KuCZNhz3cVxH4yrP/id/1724768733590/d752127ec004922de62f8025d6be4799.png_w860-h860.webp,7,13,24,32,24
Motorola,Moto G60,128GB,6GB,6.8,108MP + 8MP + 2MP,6000,$299 ,https://motorolaus.vtexassets.com/arquivos/ids/164160/motorola-g-play-2024-ecom-render-1-sapphire-blue-axdwcq6e.png?v=638410050598800000?w=640&q=75,7,16,29,23,24
Xiaomi,Mi 10i,128GB,6GB,6.67,108MP + 8MP + 2MP + 2MP,4820,$319 ,https://i02.appmifile.com/669_item_id/05/09/2024/81dcc3ebccfa92b5c364a77e3785bfae.png?thumb=1&w=500&f=webp&q=85,8,8,22,25,38
Realme,Narzo 30 Pro,128GB,8GB,6.5,48MP + 8MP + 2MP,5000,$279 ,https://image01.realme.net/general/20241009/1728446097174f15a74e9da3345d09192f17d6fea38de.png?width=1440&height=1440&size=1427135,4,16,30,21,29
Samsung,Galaxy M62,128GB,8GB,6.7,64MP + 12MP + 5MP + 5MP,7000,$429 ,https://image-us.samsung.com/us/smartphones/galaxy-s24/all-gallery/01_E3_TitaniumGray_Lockup_1600x1200.jpg?$product-card-small-jpg$,6,6,12,19,56
Oppo,A53s,128GB,6GB,6.5,50MP + 2MP + 2MP,5000,$269 ,https://thumbor.oppo.co.id/unsafe/533x533/filters:format(webp):quality(80)/cdn.oppo.co.id/media/catalog/product/h/p/hp-reno12-5g-12-256-silver-oppo-reno12-5g-cph2625-euna-256gb-12gb-astro-silver-id.jpg,4,16,26,24,29
Xiaomi,Redmi 10 Prime,128GB,6GB,6.5,50MP + 8MP + 2MP + 2MP,6000,$199 ,https://i02.appmifile.com/669_item_id/05/09/2024/81dcc3ebccfa92b5c364a77e3785bfae.png?thumb=1&w=500&f=webp&q=85,3,4,21,33,40
Realme,C25s,128GB,4GB,6.5,13MP + 2MP + 2MP,6000,$159 ,https://image01.realme.net/general/20241009/1728446097174f15a74e9da3345d09192f17d6fea38de.png?width=1440&height=1440&size=1427135,3,14,25,27,32
Samsung,Galaxy A12,64GB,4GB,6.5,48MP + 5MP + 2MP + 2MP,5000,$179 ,https://image-us.samsung.com/us/smartphones/galaxy-s24/all-gallery/01_E3_TitaniumGray_Lockup_1600x1200.jpg?$product-card-small-jpg$,0,5,17,18,61
Xiaomi,Poco X3 Pro,128GB,6GB,6.67,48MP + 8MP + 2MP + 2MP,5160,$299 ,https://i02.appmifile.com/669_item_id/05/09/2024/81dcc3ebccfa92b5c364a77e3785bfae.png?thumb=1&w=500&f=webp&q=85,2,6,23,29,39
Samsung,Galaxy A03s,64GB,4GB,6.5,13MP + 2MP + 2MP,5000,$149 ,https://image-us.samsung.com/us/smartphones/galaxy-s24/all-gallery/01_E3_TitaniumGray_Lockup_1600x1200.jpg?$product-card-small-jpg$,2,11,4,22,62
Oppo,A15s,64GB,4GB,6.52,13MP + 2MP + 2MP,4230,$169 ,https://thumbor.oppo.co.id/unsafe/533x533/filters:format(webp):quality(80)/cdn.oppo.co.id/media/catalog/product/h/p/hp-reno12-5g-12-256-silver-oppo-reno12-5g-cph2625-euna-256gb-12gb-astro-silver-id.jpg,6,16,24,23,30
Realme,C11 2021,32GB,2GB,6.52,8MP + 2MP,5000,$99 ,https://image01.realme.net/general/20241009/1728446097174f15a74e9da3345d09192f17d6fea38de.png?width=1440&height=1440&size=1427135,4,13,26,25,32
Nokia,C30,32GB,2GB,6.82,13MP + 2MP,6000,$149 ,https://images.ctfassets.net/wcfotm6rrl7u/4Sbv0SYKWTkKEjD0nwHfqy/596676961398a384de07d924e8d29ae3/nokia-C12-dark_cyan-front_back-int.png?h=600&fm=avif,4,15,25,22,35
Xiaomi,Redmi 9i,64GB,4GB,6.53,13MP,5000,$139 ,https://i02.appmifile.com/669_item_id/05/09/2024/81dcc3ebccfa92b5c364a77e3785bfae.png?thumb=1&w=500&f=webp&q=85,2,5,18,33,43
Samsung,Galaxy A22 5G,128GB,4GB,6.6,48MP + 5MP + 2MP,5000,$279 ,https://image-us.samsung.com/us/smartphones/galaxy-s24/all-gallery/01_E3_TitaniumGray_Lockup_1600x1200.jpg?$product-card-small-jpg$,3,8,10,20,60
Oppo,A53,128GB,6GB,6.5,13MP + 2MP + 2MP,5000,$219 ,https://thumbor.oppo.co.id/unsafe/533x533/filters:format(webp):quality(80)/cdn.oppo.co.id/media/catalog/product/h/p/hp-reno12-5g-12-256-silver-oppo-reno12-5g-cph2625-euna-256gb-12gb-astro-silver-id.jpg,0,14,30,23,34
Vivo,Y12s,32GB,3GB,6.51,13MP + 2MP,5000,$149 ,https://asia-exshopstatic-vivofs.vivo.com/KuCZNhz3cVxH4yrP/id/1724768733590/d752127ec004922de62f8025d6be4799.png_w860-h860.webp,8,16,24,24,29
Xiaomi,Mi 11 Lite 5G,128GB,8GB,6.55,64MP + 8MP + 5MP,4250,$429 ,https://i02.appmifile.com/669_item_id/05/09/2024/81dcc3ebccfa92b5c364a77e3785bfae.png?thumb=1&w=500&f=webp&q=85,0,4,19,32,45
Realme,7 5G,128GB,6GB,6.5,48MP + 8MP + 2MP,5000,$279 ,https://image01.realme.net/general/20241009/1728446097174f15a74e9da3345d09192f17d6fea38de.png?width=1440&height=1440&size=1427135,1,17,23,30,29
Samsung,Galaxy M31s,128GB,6GB,6.5,64MP + 12MP + 5MP + 5MP,6000,$379 ,https://image-us.samsung.com/us/smartphones/galaxy-s24/all-gallery/01_E3_TitaniumGray_Lockup_1600x1200.jpg?$product-card-small-jpg$,4,10,10,21,55
Oppo,A15,32GB,3GB,6.52,13MP + 2MP + 2MP,4230,$149 ,https://thumbor.oppo.co.id/unsafe/533x533/filters:format(webp):quality(80)/cdn.oppo.co.id/media/catalog/product/h/p/hp-reno12-5g-12-256-silver-oppo-reno12-5g-cph2625-euna-256gb-12gb-astro-silver-id.jpg,7,10,24,28,31
Nokia,G10,32GB,3GB,6.52,13MP + 2MP + 2MP,5050,$169 ,https://images.ctfassets.net/wcfotm6rrl7u/4Sbv0SYKWTkKEjD0nwHfqy/596676961398a384de07d924e8d29ae3/nokia-C12-dark_cyan-front_back-int.png?h=600&fm=avif,5,17,26,24,28
Xiaomi,Poco X3 GT,128GB,8GB,6.6,64MP + 8MP + 2MP,5000,$329 ,https://i02.appmifile.com/669_item_id/05/09/2024/81dcc3ebccfa92b5c364a77e3785bfae.png?thumb=1&w=500&f=webp&q=85,10,7,18,26,39
Realme,C25,64GB,4GB,6.5,13MP + 2MP + 2MP,6000,$179 ,https://image01.realme.net/general/20241009/1728446097174f15a74e9da3345d09192f17d6fea38de.png?width=1440&height=1440&size=1427135,3,18,24,23,32
Xiaomi,Redmi Note 10 Pro Max,128GB,8GB,6.67,108MP + 8MP + 5MP + 2MP,5020,$329 ,https://i02.appmifile.com/669_item_id/05/09/2024/81dcc3ebccfa92b5c364a77e3785bfae.png?thumb=1&w=500&f=webp&q=85,2,2,24,32,41
Samsung,Galaxy A52 5G,128GB,6GB,6.5,64MP + 12MP + 5MP + 5MP,4500,$449 ,https://image-us.samsung.com/us/smartphones/galaxy-s24/all-gallery/01_E3_TitaniumGray_Lockup_1600x1200.jpg?$product-card-small-jpg$,3,7,13,20,57
Oppo,A94,128GB,8GB,6.43,48MP + 8MP + 2MP + 2MP,4310,$399 ,https://thumbor.oppo.co.id/unsafe/533x533/filters:format(webp):quality(80)/cdn.oppo.co.id/media/catalog/product/h/p/hp-reno12-5g-12-256-silver-oppo-reno12-5g-cph2625-euna-256gb-12gb-astro-silver-id.jpg,4,15,28,24,29
Vivo,Y33s,128GB,8GB,6.58,50MP + 2MP + 2MP,5000,$289 ,https://asia-exshopstatic-vivofs.vivo.com/KuCZNhz3cVxH4yrP/id/1724768733590/d752127ec004922de62f8025d6be4799.png_w860-h860.webp,5,15,21,26,32
Realme,Narzo 50A,64GB,4GB,6.5,50MP + 2MP,5000,$149 ,https://image01.realme.net/general/20241009/1728446097174f15a74e9da3345d09192f17d6fea38de.png?width=1440&height=1440&size=1427135,5,16,23,28,28
Nokia,X20,128GB,6GB,6.67,64MP + 5MP + 2MP + 2MP,4470,$449 ,https://images.ctfassets.net/wcfotm6rrl7u/4Sbv0SYKWTkKEjD0nwHfqy/596676961398a384de07d924e8d29ae3/nokia-C12-dark_cyan-front_back-int.png?h=600&fm=avif,11,15,20,25,29
Xiaomi,Redmi 9 Power,128GB,4GB,6.53,48MP + 8MP + 2MP + 2MP,6000,$199 ,https://i02.appmifile.com/669_item_id/05/09/2024/81dcc3ebccfa92b5c364a77e3785bfae.png?thumb=1&w=500&f=webp&q=85,7,6,23,29,35
Samsung,Galaxy M12,64GB,4GB,6.5,48MP + 5MP + 2MP + 2MP,6000,$179 ,https://image-us.samsung.com/us/smartphones/galaxy-s24/all-gallery/01_E3_TitaniumGray_Lockup_1600x1200.jpg?$product-card-small-jpg$,4,7,8,23,57
Oppo,A53s,128GB,6GB,6.5,13MP + 2MP + 2MP,5000,$229 ,https://thumbor.oppo.co.id/unsafe/533x533/filters:format(webp):quality(80)/cdn.oppo.co.id/media/catalog/product/h/p/hp-reno12-5g-12-256-silver-oppo-reno12-5g-cph2625-euna-256gb-12gb-astro-silver-id.jpg,5,10,24,26,35
Vivo,Y20s G,128GB,6GB,6.51,50MP + 2MP + 2MP,5000,$209 ,https://asia-exshopstatic-vivofs.vivo.com/KuCZNhz3cVxH4yrP/id/1724768733590/d752127ec004922de62f8025d6be4799.png_w860-h860.webp,7,13,23,25,32
Realme,C21Y,64GB,4GB,6.5,13MP + 2MP + 2MP,5000,$139 ,https://image01.realme.net/general/20241009/1728446097174f15a74e9da3345d09192f17d6fea38de.png?width=1440&height=1440&size=1427135,4,16,21,28,31
Nokia,C20 Plus,32GB,3GB,6.5,8MP + 2MP,4950,$99 ,https://images.ctfassets.net/wcfotm6rrl7u/4Sbv0SYKWTkKEjD0nwHfqy/596676961398a384de07d924e8d29ae3/nokia-C12-dark_cyan-front_back-int.png?h=600&fm=avif,2,16,26,26,30
Xiaomi,Redmi 10 Prime,128GB,4GB,6.5,50MP + 8MP + 2MP + 2MP,6000,$199 ,https://i02.appmifile.com/669_item_id/05/09/2024/81dcc3ebccfa92b5c364a77e3785bfae.png?thumb=1&w=500&f=webp&q=85,8,6,18,33,36
Oppo,Reno 6 Pro 5G,128GB,12GB,6.55,64MP + 8MP + 2MP,4500,$549 ,https://thumbor.oppo.co.id/unsafe/533x533/filters:format(webp):quality(80)/cdn.oppo.co.id/media/catalog/product/h/p/hp-reno12-5g-12-256-silver-oppo-reno12-5g-cph2625-euna-256gb-12gb-astro-silver-id.jpg,4,9,28,27,32
Vivo,Y31s,128GB,6GB,6.58,13MP + 2MP,5000,$239 ,https://asia-exshopstatic-vivofs.vivo.com/KuCZNhz3cVxH4yrP/id/1724768733590/d752127ec004922de62f8025d6be4799.png_w860-h860.webp,3,12,25,29,31
Realme,8 5G,128GB,8GB,6.5,48MP + 2MP,5000,$299 ,https://image01.realme.net/general/20241009/1728446097174f15a74e9da3345d09192f17d6fea38de.png?width=1440&height=1440&size=1427135,0,17,25,25,33
Nokia,G20,64GB,4GB,6.5,48MP + 5MP + 2MP + 2MP,5050,$199 ,https://images.ctfassets.net/wcfotm6rrl7u/4Sbv0SYKWTkKEjD0nwHfqy/596676961398a384de07d924e8d29ae3/nokia-C12-dark_cyan-front_back-int.png?h=600&fm=avif,4,10,26,23,37
Xiaomi,Poco X3 Pro,128GB,6GB,6.67,48MP + 8MP + 2MP + 2MP,5160,$249 ,https://i02.appmifile.com/669_item_id/05/09/2024/81dcc3ebccfa92b5c364a77e3785bfae.png?thumb=1&w=500&f=webp&q=85,6,4,23,24,43
Samsung,Galaxy A32 5G,128GB,4GB,6.5,48MP + 8MP + 5MP + 2MP,5000,$279 ,https://image-us.samsung.com/us/smartphones/galaxy-s24/all-gallery/01_E3_TitaniumGray_Lockup_1600x1200.jpg?$product-card-small-jpg$,0,5,8,22,65
Oppo,A16,32GB,3GB,6.52,13MP + 2MP + 2MP,5000,$149 ,https://thumbor.oppo.co.id/unsafe/533x533/filters:format(webp):quality(80)/cdn.oppo.co.id/media/catalog/product/h/p/hp-reno12-5g-12-256-silver-oppo-reno12-5g-cph2625-euna-256gb-12gb-astro-silver-id.jpg,5,13,20,31,32
Vivo,V21 5G,128GB,8GB,6.44,64MP + 8MP + 2MP,4000,$469 ,https://asia-exshopstatic-vivofs.vivo.com/KuCZNhz3cVxH4yrP/id/1724768733590/d752127ec004922de62f8025d6be4799.png_w860-h860.webp,8,13,23,26,29
Realme,C11 2021,32GB,2GB,6.5,8MP + 2MP,5000,$99 ,https://image01.realme.net/general/20241009/1728446097174f15a74e9da3345d09192f17d6fea38de.png?width=1440&height=1440&size=1427135,3,17,24,25,30
Nokia,5.4,128GB,4GB,6.39,48MP + 5MP + 2MP + 2MP,4000,$249 ,https://images.ctfassets.net/wcfotm6rrl7u/4Sbv0SYKWTkKEjD0nwHfqy/596676961398a384de07d924e8d29ae3/nokia-C12-dark_cyan-front_back-int.png?h=600&fm=avif,4,16,21,29,29
Xiaomi,Redmi Note 10,64GB,4GB,6.43,48MP + 8MP + 2MP + 2MP,5000,$199 ,https://i02.appmifile.com/669_item_id/05/09/2024/81dcc3ebccfa92b5c364a77e3785bfae.png?thumb=1&w=500&f=webp&q=85,3,9,21,29,38
Samsung,Galaxy F41,64GB,6GB,6.4,64MP + 8MP + 5MP,6000,$249 ,https://image-us.samsung.com/us/smartphones/galaxy-s24/all-gallery/01_E3_TitaniumGray_Lockup_1600x1200.jpg?$product-card-small-jpg$,4,4,13,19,60
Oppo,A54,128GB,6GB,6.51,48MP + 2MP + 2MP,5000,$249 ,https://thumbor.oppo.co.id/unsafe/533x533/filters:format(webp):quality(80)/cdn.oppo.co.id/media/catalog/product/h/p/hp-reno12-5g-12-256-silver-oppo-reno12-5g-cph2625-euna-256gb-12gb-astro-silver-id.jpg,12,8,27,24,30
Vivo,V20 SE,128GB,8GB,6.44,48MP + 8MP + 2MP,4100,$319 ,https://asia-exshopstatic-vivofs.vivo.com/KuCZNhz3cVxH4yrP/id/1724768733590/d752127ec004922de62f8025d6be4799.png_w860-h860.webp,7,12,23,25,33
Nokia,3.4,64GB,3GB,6.39,13MP + 5MP + 2MP,4000,$179 ,https://images.ctfassets.net/wcfotm6rrl7u/4Sbv0SYKWTkKEjD0nwHfqy/596676961398a384de07d924e8d29ae3/nokia-C12-dark_cyan-front_back-int.png?h=600&fm=avif,2,12,28,25,33
Xiaomi,Redmi Note 9 Pro Max,64GB,6GB,6.67,64MP + 8MP + 5MP + 2MP,5020,$279 ,https://i02.appmifile.com/669_item_id/05/09/2024/81dcc3ebccfa92b5c364a77e3785bfae.png?thumb=1&w=500&f=webp&q=85,2,2,23,30,43
Samsung,Galaxy M31s,128GB,8GB,6.5,64MP + 12MP + 5MP + 5MP,6000,$349 ,https://image-us.samsung.com/us/smartphones/galaxy-s24/all-gallery/01_E3_TitaniumGray_Lockup_1600x1200.jpg?$product-card-small-jpg$,1,4,13,19,63
Oppo,A54,128GB,4GB,6.51,13MP + 2MP + 2MP,5000,$219 ,https://thumbor.oppo.co.id/unsafe/533x533/filters:format(webp):quality(80)/cdn.oppo.co.id/media/catalog/product/h/p/hp-reno12-5g-12-256-silver-oppo-reno12-5g-cph2625-euna-256gb-12gb-astro-silver-id.jpg,0,18,23,24,35
Vivo,Y12s,32GB,3GB,6.51,13MP + 2MP,5000,$149 ,https://asia-exshopstatic-vivofs.vivo.com/KuCZNhz3cVxH4yrP/id/1724768733590/d752127ec004922de62f8025d6be4799.png_w860-h860.webp,6,16,20,23,36
Realme,C20,32GB,2GB,6.5,8MP,5000,$99 ,https://image01.realme.net/general/20241009/1728446097174f15a74e9da3345d09192f17d6fea38de.png?width=1440&height=1440&size=1427135,8,17,21,25,30
Nokia,1.4,32GB,2GB,6.51,8MP + 2MP,4000,$119 ,https://images.ctfassets.net/wcfotm6rrl7u/4Sbv0SYKWTkKEjD0nwHfqy/596676961398a384de07d924e8d29ae3/nokia-C12-dark_cyan-front_back-int.png?h=600&fm=avif,5,16,25,26,28
Xiaomi,Redmi 9 Power,64GB,4GB,6.53,48MP + 8MP + 2MP + 2MP,6000,$169 ,https://i02.appmifile.com/669_item_id/05/09/2024/81dcc3ebccfa92b5c364a77e3785bfae.png?thumb=1&w=500&f=webp&q=85,8,7,16,31,38
Samsung,Galaxy A02s,32GB,3GB,6.5,13MP + 2MP + 2MP,5000,$139 ,https://image-us.samsung.com/us/smartphones/galaxy-s24/all-gallery/01_E3_TitaniumGray_Lockup_1600x1200.jpg?$product-card-small-jpg$,0,0,11,15,74
Oppo,A15s,64GB,4GB,6.52,13MP + 2MP + 2MP,4230,$159 ,https://thumbor.oppo.co.id/unsafe/533x533/filters:format(webp):quality(80)/cdn.oppo.co.id/media/catalog/product/h/p/hp-reno12-5g-12-256-silver-oppo-reno12-5g-cph2625-euna-256gb-12gb-astro-silver-id.jpg,8,16,25,23,29
Vivo,Y51A,128GB,8GB,6.58,48MP + 8MP + 2MP,5000,$289 ,https://asia-exshopstatic-vivofs.vivo.com/KuCZNhz3cVxH4yrP/id/1724768733590/d752127ec004922de62f8025d6be4799.png_w860-h860.webp,0,19,23,31,27
Realme,Narzo 20,64GB,4GB,6.5,48MP + 8MP + 2MP,6000,$199 ,https://image01.realme.net/general/20241009/1728446097174f15a74e9da3345d09192f17d6fea38de.png?width=1440&height=1440&size=1427135,4,17,20,25,35
Nokia,5.3,64GB,3GB,6.55,13MP + 5MP + 2MP + 2MP,4000,$199 ,https://images.ctfassets.net/wcfotm6rrl7u/4Sbv0SYKWTkKEjD0nwHfqy/596676961398a384de07d924e8d29ae3/nokia-C12-dark_cyan-front_back-int.png?h=600&fm=avif,5,17,20,27,31
Xiaomi,Redmi Note 8,64GB,4GB,6.3,48MP + 8MP + 2MP + 2MP,4000,$179 ,https://i02.appmifile.com/669_item_id/05/09/2024/81dcc3ebccfa92b5c364a77e3785bfae.png?thumb=1&w=500&f=webp&q=85,5,5,18,29,43
Samsung,Galaxy M11,32GB,3GB,6.4,13MP + 5MP + 2MP,5000,130,https://image-us.samsung.com/us/smartphones/galaxy-s24/all-gallery/01_E3_TitaniumGray_Lockup_1600x1200.jpg?$product-card-small-jpg$,6,5,7,20,62
Oppo,A54,64GB,4GB,6.51,13MP + 2MP + 2MP,5000,$199 ,https://thumbor.oppo.co.id/unsafe/533x533/filters:format(webp):quality(80)/cdn.oppo.co.id/media/catalog/product/h/p/hp-reno12-5g-12-256-silver-oppo-reno12-5g-cph2625-euna-256gb-12gb-astro-silver-id.jpg,7,11,25,28,30
Vivo,Y20s,128GB,8GB,6.51,13MP + 2MP + 2MP,5000,$249 ,https://asia-exshopstatic-vivofs.vivo.com/KuCZNhz3cVxH4yrP/id/1724768733590/d752127ec004922de62f8025d6be4799.png_w860-h860.webp,6,12,29,25,29
Realme,C11,32GB,2GB,6.5,13MP + 2MP,5000,$99 ,https://image01.realme.net/general/20241009/1728446097174f15a74e9da3345d09192f17d6fea38de.png?width=1440&height=1440&size=1427135,4,15,26,26,29
Nokia,2.4,32GB,2GB,6.5,8MP + 2MP,4500,$129 ,https://images.ctfassets.net/wcfotm6rrl7u/4Sbv0SYKWTkKEjD0nwHfqy/596676961398a384de07d924e8d29ae3/nokia-C12-dark_cyan-front_back-int.png?h=600&fm=avif,6,13,24,27,30
Xiaomi,Redmi 9,64GB,4GB,6.53,13MP + 8MP + 5MP + 2MP,5020,$149 ,https://i02.appmifile.com/669_item_id/05/09/2024/81dcc3ebccfa92b5c364a77e3785bfae.png?thumb=1&w=500&f=webp&q=85,7,1,22,28,43
Samsung,Galaxy A11,32GB,2GB,6.4,13MP + 5MP + 2MP,4000,$129 ,https://image-us.samsung.com/us/smartphones/galaxy-s24/all-gallery/01_E3_TitaniumGray_Lockup_1600x1200.jpg?$product-card-small-jpg$,6,12,10,19,53
Oppo,A12,64GB,4GB,6.22,13MP + 2MP,4230,$139 ,https://thumbor.oppo.co.id/unsafe/533x533/filters:format(webp):quality(80)/cdn.oppo.co.id/media/catalog/product/h/p/hp-reno12-5g-12-256-silver-oppo-reno12-5g-cph2625-euna-256gb-12gb-astro-silver-id.jpg,2,15,24,28,31
Vivo,Y20G,128GB,6GB,6.51,13MP + 2MP + 2MP,5000,$229 ,https://asia-exshopstatic-vivofs.vivo.com/KuCZNhz3cVxH4yrP/id/1724768733590/d752127ec004922de62f8025d6be4799.png_w860-h860.webp,5,20,23,22,29
Realme,C15,64GB,4GB,6.5,13MP + 8MP + 2MP + 2MP,6000,$179 ,https://image01.realme.net/general/20241009/1728446097174f15a74e9da3345d09192f17d6fea38de.png?width=1440&height=1440&size=1427135,0,18,27,28,27
Nokia,3.1 Plus,32GB,3GB,6,13MP + 5MP,3500,$139 ,https://images.ctfassets.net/wcfotm6rrl7u/4Sbv0SYKWTkKEjD0nwHfqy/596676961398a384de07d924e8d29ae3/nokia-C12-dark_cyan-front_back-int.png?h=600&fm=avif,10,19,23,19,30
Xiaomi,Redmi Note 7,64GB,4GB,6.3,48MP + 5MP,4000,$159 ,https://i02.appmifile.com/669_item_id/05/09/2024/81dcc3ebccfa92b5c364a77e3785bfae.png?thumb=1&w=500&f=webp&q=85,4,6,25,27,39
Samsung,Galaxy A12,64GB,4GB,6.5,48MP + 5MP + 2MP + 2MP,5000,$179 ,https://image-us.samsung.com/us/smartphones/galaxy-s24/all-gallery/01_E3_TitaniumGray_Lockup_1600x1200.jpg?$product-card-small-jpg$,6,6,11,18,58
Oppo,A31,128GB,4GB,6.5,12MP + 2MP + 2MP,4230,$199 ,https://thumbor.oppo.co.id/unsafe/533x533/filters:format(webp):quality(80)/cdn.oppo.co.id/media/catalog/product/h/p/hp-reno12-5g-12-256-silver-oppo-reno12-5g-cph2625-euna-256gb-12gb-astro-silver-id.jpg,2,17,26,29,27
Vivo,Y15,64GB,4GB,6.35,13MP + 8MP + 2MP,5000,$189 ,https://asia-exshopstatic-vivofs.vivo.com/KuCZNhz3cVxH4yrP/id/1724768733590/d752127ec004922de62f8025d6be4799.png_w860-h860.webp,5,13,25,23,33
Realme,Narzo 10A,32GB,3GB,6.5,12MP + 2MP + 2MP,5000,$129 ,https://image01.realme.net/general/20241009/1728446097174f15a74e9da3345d09192f17d6fea38de.png?width=1440&height=1440&size=1427135,7,21,26,16,30
Xiaomi,Redmi 9T,128GB,4GB,6.53,48MP + 8MP + 2MP + 2MP,6000,$229 ,https://i02.appmifile.com/669_item_id/05/09/2024/81dcc3ebccfa92b5c364a77e3785bfae.png?thumb=1&w=500&f=webp&q=85,5,6,22,31,36
Samsung,Galaxy A30s,64GB,4GB,6.4,25MP + 8MP + 5MP,4000,$279 ,https://image-us.samsung.com/us/smartphones/galaxy-s24/all-gallery/01_E3_TitaniumGray_Lockup_1600x1200.jpg?$product-card-small-jpg$,3,2,13,20,62
Samsung,Galaxy Note 20 Ultra,256,12,6.9,108+12+12,4500,1299,https://image-us.samsung.com/us/smartphones/galaxy-s24/all-gallery/01_E3_TitaniumGray_Lockup_1600x1200.jpg?$product-card-small-jpg$,3,3,6,25,64
Apple,iPhone SE (2020),64,3,4.7,12,1821,399,https://store.storeimages.cdn-apple.com/4982/as-images.apple.com/is/iphone-card-40-iphone16prohero-202409?wid=680&hei=528&fmt=p-jpg&qlt=95&.v=1725567335931,8,5,10,15,63
Xiaomi,Poco X3 Pro,128,6,6.67,48+8+2+2,5160,249,https://i02.appmifile.com/669_item_id/05/09/2024/81dcc3ebccfa92b5c364a77e3785bfae.png?thumb=1&w=500&f=webp&q=85,7,9,19,30,35
Google,Pixel 5,128,8,6,12.2+16,4080,699,https://lh3.googleusercontent.com/lA9N8SRML5QcGozPoXUWgcDEBsOtuyu6MgYJmm8nOzVtwc52GTu7fNhPp16fFsxxjxs4zwDDAv-1VbTO1CR0HYHsGxIcLG_z_IiS,4,18,23,27,28
Huawei,Mate 40 Pro,256,8,6.76,50+20+12+3D,4400,1199,https://consumer.huawei.com/content/dam/huawei-cbg-site/common/mkt/plp/phones-20230509/mate-series/mate50-pro.png,5,13,30,23,29
OnePlus,Nord N10 5G,128,6,6.49,64+8+2+2,4300,299,"https://image01-eu.oneplus.net/media/202407/12/88a5d58ec62e1ad07ca2a9ec6a7a9fdd.png?x-amz-process=image/format,webp/quality,Q_80",9,7,12,31,40
Oppo,Reno 5 Pro 5G,128,8,6.55,64+8+2+2,4350,449,https://thumbor.oppo.co.id/unsafe/533x533/filters:format(webp):quality(80)/cdn.oppo.co.id/media/catalog/product/h/p/hp-reno12-5g-12-256-silver-oppo-reno12-5g-cph2625-euna-256gb-12gb-astro-silver-id.jpg,9,9,25,23,34
Samsung,Galaxy A71,128,6,6.7,64+12+5+5,4500,599,https://image-us.samsung.com/us/smartphones/galaxy-s24/all-gallery/01_E3_TitaniumGray_Lockup_1600x1200.jpg?$product-card-small-jpg$,4,10,9,20,56
Nokia,8.3 5G,128,8,6.81,64+12+2+2,4500,499,https://images.ctfassets.net/wcfotm6rrl7u/4Sbv0SYKWTkKEjD0nwHfqy/596676961398a384de07d924e8d29ae3/nokia-C12-dark_cyan-front_back-int.png?h=600&fm=avif,9,13,26,24,29
Apple,iPhone 11 Pro Max,512,4,6.5,12+12+12,3969,1099,https://store.storeimages.cdn-apple.com/4982/as-images.apple.com/is/iphone-card-40-iphone16prohero-202409?wid=680&hei=528&fmt=p-jpg&qlt=95&.v=1725567335931,6,5,8,24,57
Xiaomi,Mi 11,256,8,6.81,108+13+5,4600,749,https://i02.appmifile.com/669_item_id/05/09/2024/81dcc3ebccfa92b5c364a77e3785bfae.png?thumb=1&w=500&f=webp&q=85,2,9,16,32,41
Motorola,Moto G Power (2021),64,4,6.6,48+2+2,5000,199,https://motorolaus.vtexassets.com/arquivos/ids/164160/motorola-g-play-2024-ecom-render-1-sapphire-blue-axdwcq6e.png?v=638410050598800000?w=640&q=75,0,17,25,28,29
Google,Pixel 4a 5G,128,6,6.2,12.2+16,3885,499,https://lh3.googleusercontent.com/lA9N8SRML5QcGozPoXUWgcDEBsOtuyu6MgYJmm8nOzVtwc52GTu7fNhPp16fFsxxjxs4zwDDAv-1VbTO1CR0HYHsGxIcLG_z_IiS,5,9,25,28,33
Huawei,Nova 8 Pro 5G,128,8,6.72,64+8+2+2,4000,699,https://consumer.huawei.com/content/dam/huawei-cbg-site/common/mkt/plp/phones-20230509/mate-series/mate50-pro.png,3,21,20,25,31
Samsung,Galaxy A52,128,6,6.5,64+12+5+5,4500,449,https://image-us.samsung.com/us/smartphones/galaxy-s24/all-gallery/01_E3_TitaniumGray_Lockup_1600x1200.jpg?$product-card-small-jpg$,4,5,15,13,62
OnePlus,8T,256,12,6.55,48+16+5+2,4500,749,"https://image01-eu.oneplus.net/media/202407/12/88a5d58ec62e1ad07ca2a9ec6a7a9fdd.png?x-amz-process=image/format,webp/quality,Q_80",7,0,23,28,43
Xiaomi,Redmi 9,64,4,6.53,13+8+5+2,5020,149,https://i02.appmifile.com/669_item_id/05/09/2024/81dcc3ebccfa92b5c364a77e3785bfae.png?thumb=1&w=500&f=webp&q=85,4,9,21,25,40
Apple,iPhone 13,128,6,6.1,12+12+12,2815,799,https://store.storeimages.cdn-apple.com/4982/as-images.apple.com/is/iphone-card-40-iphone16prohero-202409?wid=680&hei=528&fmt=p-jpg&qlt=95&.v=1725567335931,1,4,9,19,66
Oppo,A15s,64,4,6.52,13+2+2,4230,159,https://thumbor.oppo.co.id/unsafe/533x533/filters:format(webp):quality(80)/cdn.oppo.co.id/media/catalog/product/h/p/hp-reno12-5g-12-256-silver-oppo-reno12-5g-cph2625-euna-256gb-12gb-astro-silver-id.jpg,9,14,24,21,32
Nokia,G50 5G,128,4,6.82,48+5+2,4850,299,https://images.ctfassets.net/wcfotm6rrl7u/4Sbv0SYKWTkKEjD0nwHfqy/596676961398a384de07d924e8d29ae3/nokia-C12-dark_cyan-front_back-int.png?h=600&fm=avif,3,19,26,25,27
Apple,iPhone XR,64,3,6.1,12+7,2942,599,https://store.storeimages.cdn-apple.com/4982/as-images.apple.com/is/iphone-card-40-iphone16prohero-202409?wid=680&hei=528&fmt=p-jpg&qlt=95&.v=1725567335931,4,10,16,16,55
Samsung,Galaxy S21 Ultra 5G,256,12,6.8,108+10+10+12,5000,1199,https://image-us.samsung.com/us/smartphones/galaxy-s24/all-gallery/01_E3_TitaniumGray_Lockup_1600x1200.jpg?$product-card-small-jpg$,5,6,11,18,60
Xiaomi,Redmi Note 10 Pro,128,6,6.67,108+8+5+2,5020,279,https://i02.appmifile.com/669_item_id/05/09/2024/81dcc3ebccfa92b5c364a77e3785bfae.png?thumb=1&w=500&f=webp&q=85,7,7,22,27,38
Oppo,Find X3 Neo 5G,256,12,6.55,50+16+13+2,4500,899,https://thumbor.oppo.co.id/unsafe/533x533/filters:format(webp):quality(80)/cdn.oppo.co.id/media/catalog/product/h/p/hp-reno12-5g-12-256-silver-oppo-reno12-5g-cph2625-euna-256gb-12gb-astro-silver-id.jpg,6,14,29,21,30
Huawei,P40 Pro,256,8,6.58,50+12+40+3D,4200,1099,https://consumer.huawei.com/content/dam/huawei-cbg-site/common/mkt/plp/phones-20230509/mate-series/mate50-pro.png,4,17,26,24,29
OnePlus,9 Pro,256,12,6.7,48+50+8+2,4500,969,"https://image01-eu.oneplus.net/media/202407/12/88a5d58ec62e1ad07ca2a9ec6a7a9fdd.png?x-amz-process=image/format,webp/quality,Q_80",3,4,21,29,44
Motorola,Moto G Stylus (2021),128,4,6.4,48+8+2,4000,299,https://motorolaus.vtexassets.com/arquivos/ids/164160/motorola-g-play-2024-ecom-render-1-sapphire-blue-axdwcq6e.png?v=638410050598800000?w=640&q=75,4,16,21,30,29
Google,Pixel 4,128,6,5.7,12.2+16,2800,799,https://lh3.googleusercontent.com/lA9N8SRML5QcGozPoXUWgcDEBsOtuyu6MgYJmm8nOzVtwc52GTu7fNhPp16fFsxxjxs4zwDDAv-1VbTO1CR0HYHsGxIcLG_z_IiS,5,11,22,31,31
Samsung,Galaxy A12,128,4,6.5,48+5+2+2,5000,179,https://image-us.samsung.com/us/smartphones/galaxy-s24/all-gallery/01_E3_TitaniumGray_Lockup_1600x1200.jpg?$product-card-small-jpg$,6,6,10,20,58
Nokia,5.4,64,4,6.39,48+5+2+2,4000,179,https://images.ctfassets.net/wcfotm6rrl7u/4Sbv0SYKWTkKEjD0nwHfqy/596676961398a384de07d924e8d29ae3/nokia-C12-dark_cyan-front_back-int.png?h=600&fm=avif,10,18,26,24,22
Apple,iPhone 12,128,4,6.1,12+12,2815,799,https://store.storeimages.cdn-apple.com/4982/as-images.apple.com/is/iphone-card-40-iphone16prohero-202409?wid=680&hei=528&fmt=p-jpg&qlt=95&.v=1725567335931,6,6,8,24,56
Xiaomi,Redmi 10,128,4,6.5,50+8+2+2,5000,229,https://i02.appmifile.com/669_item_id/05/09/2024/81dcc3ebccfa92b5c364a77e3785bfae.png?thumb=1&w=500&f=webp&q=85,8,4,18,32,38
Oppo,A94 5G,128,8,6.43,48+8+2+2,4310,399,https://thumbor.oppo.co.id/unsafe/533x533/filters:format(webp):quality(80)/cdn.oppo.co.id/media/catalog/product/h/p/hp-reno12-5g-12-256-silver-oppo-reno12-5g-cph2625-euna-256gb-12gb-astro-silver-id.jpg,8,20,20,25,27
Huawei,Nova 9 Pro 5G,256,8,6.72,50+8+16+2,4500,699,https://consumer.huawei.com/content/dam/huawei-cbg-site/common/mkt/plp/phones-20230509/mate-series/mate50-pro.png,2,16,20,27,35
Samsung,Galaxy S10 Lite,128,6,6.7,48+12+5,4500,649,https://image-us.samsung.com/us/smartphones/galaxy-s24/all-gallery/01_E3_TitaniumGray_Lockup_1600x1200.jpg?$product-card-small-jpg$,3,1,7,18,71
OnePlus,8 Pro,256,12,6.78,48+48+8+5,4510,999,"https://image01-eu.oneplus.net/media/202407/12/88a5d58ec62e1ad07ca2a9ec6a7a9fdd.png?x-amz-process=image/format,webp/quality,Q_80",6,6,25,25,37
Nokia,7.2,128,6,6.3,48+8+5,3500,349,https://images.ctfassets.net/wcfotm6rrl7u/4Sbv0SYKWTkKEjD0nwHfqy/596676961398a384de07d924e8d29ae3/nokia-C12-dark_cyan-front_back-int.png?h=600&fm=avif,3,10,24,27,36
Xiaomi,Mi 10T Pro,256,8,6.67,108+13+5,5000,599,https://i02.appmifile.com/669_item_id/05/09/2024/81dcc3ebccfa92b5c364a77e3785bfae.png?thumb=1&w=500&f=webp&q=85,6,8,20,25,42
Apple,iPhone 11,64,4,6.1,12+12+12,3110,699,https://store.storeimages.cdn-apple.com/4982/as-images.apple.com/is/iphone-card-40-iphone16prohero-202409?wid=680&hei=528&fmt=p-jpg&qlt=95&.v=1725567335931,1,10,11,21,58
Oppo,F19 Pro+ 5G,128,8,6.43,64+8+2+2,4310,419,https://thumbor.oppo.co.id/unsafe/533x533/filters:format(webp):quality(80)/cdn.oppo.co.id/media/catalog/product/h/p/hp-reno12-5g-12-256-silver-oppo-reno12-5g-cph2625-euna-256gb-12gb-astro-silver-id.jpg,7,16,21,22,34
Motorola,Moto G Power (2021),64,3,6.6,48+2+2,5000,199,https://motorolaus.vtexassets.com/arquivos/ids/164160/motorola-g-play-2024-ecom-render-1-sapphire-blue-axdwcq6e.png?v=638410050598800000?w=640&q=75,5,14,24,27,29
Samsung,Galaxy A71,128,6,6.7,64+12+5+5,4500,399,https://image-us.samsung.com/us/smartphones/galaxy-s24/all-gallery/01_E3_TitaniumGray_Lockup_1600x1200.jpg?$product-card-small-jpg$,0,9,14,20,57
Huawei,Mate 30 Pro 5G,256,8,6.53,40+40+8+3D,4500,1099,https://consumer.huawei.com/content/dam/huawei-cbg-site/common/mkt/plp/phones-20230509/mate-series/mate50-pro.png,7,14,24,25,30
Xiaomi,Poco X3 Pro,128,6,6.67,48+8+2+2,5160,249,https://i02.appmifile.com/669_item_id/05/09/2024/81dcc3ebccfa92b5c364a77e3785bfae.png?thumb=1&w=500&f=webp&q=85,1,5,22,29,44
Google,Pixel 5,128,8,6,12.2+16,4080,699,https://lh3.googleusercontent.com/lA9N8SRML5QcGozPoXUWgcDEBsOtuyu6MgYJmm8nOzVtwc52GTu7fNhPp16fFsxxjxs4zwDDAv-1VbTO1CR0HYHsGxIcLG_z_IiS,4,17,29,21,29
Apple,iPhone SE (2020),64,3,4.7,12,1821,399,https://store.storeimages.cdn-apple.com/4982/as-images.apple.com/is/iphone-card-40-iphone16prohero-202409?wid=680&hei=528&fmt=p-jpg&qlt=95&.v=1725567335931,9,5,5,19,62
Samsung,Galaxy M51,128,6,6.7,64+12+5+5,7000,449,https://image-us.samsung.com/us/smartphones/galaxy-s24/all-gallery/01_E3_TitaniumGray_Lockup_1600x1200.jpg?$product-card-small-jpg$,10,7,11,19,53
Oppo,Reno4 Pro 5G,256,12,6.55,48+12+13,4000,799,https://thumbor.oppo.co.id/unsafe/533x533/filters:format(webp):quality(80)/cdn.oppo.co.id/media/catalog/product/h/p/hp-reno12-5g-12-256-silver-oppo-reno12-5g-cph2625-euna-256gb-12gb-astro-silver-id.jpg,9,15,23,24,29
Nokia,3.4,64,4,6.39,13+5+2,4000,179,https://images.ctfassets.net/wcfotm6rrl7u/4Sbv0SYKWTkKEjD0nwHfqy/596676961398a384de07d924e8d29ae3/nokia-C12-dark_cyan-front_back-int.png?h=600&fm=avif,0,13,27,31,29
Motorola,Moto G9 Plus,128,4,6.81,64+8+2+2,5000,279,https://motorolaus.vtexassets.com/arquivos/ids/164160/motorola-g-play-2024-ecom-render-1-sapphire-blue-axdwcq6e.png?v=638410050598800000?w=640&q=75,7,19,25,23,26
Apple,iPhone XS Max,256,4,6.5,12+12,3174,1099,https://store.storeimages.cdn-apple.com/4982/as-images.apple.com/is/iphone-card-40-iphone16prohero-202409?wid=680&hei=528&fmt=p-jpg&qlt=95&.v=1725567335931,3,11,14,20,53
Samsung,Galaxy A32 5G,128,4,6.5,48+8+5+2,5000,279,https://image-us.samsung.com/us/smartphones/galaxy-s24/all-gallery/01_E3_TitaniumGray_Lockup_1600x1200.jpg?$product-card-small-jpg$,10,4,5,22,58
Xiaomi,Redmi Note 9S,128,6,6.67,48+8+5+2,5020,249,https://i02.appmifile.com/669_item_id/05/09/2024/81dcc3ebccfa92b5c364a77e3785bfae.png?thumb=1&w=500&f=webp&q=85,5,9,21,23,42
Oppo,A92,128,8,6.5,48+8+2+2,5000,399,https://thumbor.oppo.co.id/unsafe/533x533/filters:format(webp):quality(80)/cdn.oppo.co.id/media/catalog/product/h/p/hp-reno12-5g-12-256-silver-oppo-reno12-5g-cph2625-euna-256gb-12gb-astro-silver-id.jpg,5,13,23,27,31
Huawei,P30 Pro,256,8,6.47,40+20+8+ToF,4200,999,https://consumer.huawei.com/content/dam/huawei-cbg-site/common/mkt/plp/phones-20230509/mate-series/mate50-pro.png,7,13,25,25,30
Samsung,Galaxy S20 FE 5G,128,6,6.5,12+12+8,4500,699,https://image-us.samsung.com/us/smartphones/galaxy-s24/all-gallery/01_E3_TitaniumGray_Lockup_1600x1200.jpg?$product-card-small-jpg$,3,7,9,17,65
OnePlus,7 Pro,256,8,6.67,48+16+8,4000,699,"https://image01-eu.oneplus.net/media/202407/12/88a5d58ec62e1ad07ca2a9ec6a7a9fdd.png?x-amz-process=image/format,webp/quality,Q_80",0,4,21,31,44
Nokia,6.2,128,4,6.3,16+8+5,3500,249,https://images.ctfassets.net/wcfotm6rrl7u/4Sbv0SYKWTkKEjD0nwHfqy/596676961398a384de07d924e8d29ae3/nokia-C12-dark_cyan-front_back-int.png?h=600&fm=avif,6,17,26,27,24
Xiaomi,Mi 10T Lite,128,6,6.67,64+8+2+2,4820,279,https://i02.appmifile.com/669_item_id/05/09/2024/81dcc3ebccfa92b5c364a77e3785bfae.png?thumb=1&w=500&f=webp&q=85,5,7,20,30,37
Apple,iPhone 8 Plus,64,3,5.5,12+12,2691,699,https://store.storeimages.cdn-apple.com/4982/as-images.apple.com/is/iphone-card-40-iphone16prohero-202409?wid=680&hei=528&fmt=p-jpg&qlt=95&.v=1725567335931,5,5,8,21,61
Oppo,A53,128,4,6.5,13+2+2,5000,249,https://thumbor.oppo.co.id/unsafe/533x533/filters:format(webp):quality(80)/cdn.oppo.co.id/media/catalog/product/h/p/hp-reno12-5g-12-256-silver-oppo-reno12-5g-cph2625-euna-256gb-12gb-astro-silver-id.jpg,7,17,21,25,30
Motorola,Moto G8 Power,64,4,6.4,16+8+8+2,5000,229,https://motorolaus.vtexassets.com/arquivos/ids/164160/motorola-g-play-2024-ecom-render-1-sapphire-blue-axdwcq6e.png?v=638410050598800000?w=640&q=75,9,11,23,24,32
Huawei,Nova 7i,128,8,6.4,48+8+2+2,4200,329,https://consumer.huawei.com/content/dam/huawei-cbg-site/common/mkt/plp/phones-20230509/mate-series/mate50-pro.png,7,14,24,25,30
Samsung,Galaxy S21+ 5G,256,8,6.7,12+64+12,4800,999,https://image-us.samsung.com/us/smartphones/galaxy-s24/all-gallery/01_E3_TitaniumGray_Lockup_1600x1200.jpg?$product-card-small-jpg$,1,5,14,24,56
Xiaomi,Mi 11 Lite,128,6,6.55,64+8+5,4250,399,https://i02.appmifile.com/669_item_id/05/09/2024/81dcc3ebccfa92b5c364a77e3785bfae.png?thumb=1&w=500&f=webp&q=85,7,6,23,28,36
Nokia,8.3 5G,128,8,6.81,64+12+2+2,4500,499,https://images.ctfassets.net/wcfotm6rrl7u/4Sbv0SYKWTkKEjD0nwHfqy/596676961398a384de07d924e8d29ae3/nokia-C12-dark_cyan-front_back-int.png?h=600&fm=avif,1,16,31,26,26
OnePlus,Nord,128,8,6.44,48+8+5+2,4115,449,"https://image01-eu.oneplus.net/media/202407/12/88a5d58ec62e1ad07ca2a9ec6a7a9fdd.png?x-amz-process=image/format,webp/quality,Q_80",7,5,21,28,40
Apple,iPhone XR,64,3,6.1,12,2942,499,https://store.storeimages.cdn-apple.com/4982/as-images.apple.com/is/iphone-card-40-iphone16prohero-202409?wid=680&hei=528&fmt=p-jpg&qlt=95&.v=1725567335931,1,2,15,20,62
Samsung,Galaxy A12,128,4,6.5,48+5+2+2,5000,179,https://image-us.samsung.com/us/smartphones/galaxy-s24/all-gallery/01_E3_TitaniumGray_Lockup_1600x1200.jpg?$product-card-small-jpg$,6,5,8,21,60
Oppo,A94 5G,128,8,6.43,48+8+2+2,4310,399,https://thumbor.oppo.co.id/unsafe/533x533/filters:format(webp):quality(80)/cdn.oppo.co.id/media/catalog/product/h/p/hp-reno12-5g-12-256-silver-oppo-reno12-5g-cph2625-euna-256gb-12gb-astro-silver-id.jpg,4,19,25,21,31
Xiaomi,Redmi 9T,128,4,6.53,48+8+2+2,6000,199,https://i02.appmifile.com/669_item_id/05/09/2024/81dcc3ebccfa92b5c364a77e3785bfae.png?thumb=1&w=500&f=webp&q=85,5,8,20,28,38
Motorola,Moto G10,128,4,6.5,48+8+2+2,5000,199,https://motorolaus.vtexassets.com/arquivos/ids/164160/motorola-g-play-2024-ecom-render-1-sapphire-blue-axdwcq6e.png?v=638410050598800000?w=640&q=75,4,12,29,23,32
Samsung,Galaxy A52 5G,128,6,6.5,64+12+5+5,4500,449,https://image-us.samsung.com/us/smartphones/galaxy-s24/all-gallery/01_E3_TitaniumGray_Lockup_1600x1200.jpg?$product-card-small-jpg$,4,3,11,15,66
Huawei,P40 Pro+,512,8,6.58,50+40+12+3D,4200,1399,https://consumer.huawei.com/content/dam/huawei-cbg-site/common/mkt/plp/phones-20230509/mate-series/mate50-pro.png,6,18,21,28,26
Apple,iPhone 11 Pro Max,64,4,6.5,12+12+12,3969,1099,https://store.storeimages.cdn-apple.com/4982/as-images.apple.com/is/iphone-card-40-iphone16prohero-202409?wid=680&hei=528&fmt=p-jpg&qlt=95&.v=1725567335931,2,7,9,22,60
Samsung,Galaxy Note20 5G,256,8,6.7,12+64+12,4300,999,https://image-us.samsung.com/us/smartphones/galaxy-s24/all-gallery/01_E3_TitaniumGray_Lockup_1600x1200.jpg?$product-card-small-jpg$,4,10,9,20,57
Xiaomi,Poco M3,128,4,6.53,48+2+2,6000,179,https://i02.appmifile.com/669_item_id/05/09/2024/81dcc3ebccfa92b5c364a77e3785bfae.png?thumb=1&w=500&f=webp&q=85,5,5,20,29,41
Nokia,5.4,64,4,6.39,48+5+2+2,4000,179,https://images.ctfassets.net/wcfotm6rrl7u/4Sbv0SYKWTkKEjD0nwHfqy/596676961398a384de07d924e8d29ae3/nokia-C12-dark_cyan-front_back-int.png?h=600&fm=avif,6,15,24,24,31
Oppo,Find X3 Neo 5G,256,12,6.55,50+16+13+2,4500,799,https://thumbor.oppo.co.id/unsafe/533x533/filters:format(webp):quality(80)/cdn.oppo.co.id/media/catalog/product/h/p/hp-reno12-5g-12-256-silver-oppo-reno12-5g-cph2625-euna-256gb-12gb-astro-silver-id.jpg,8,13,25,26,27
Samsung,Galaxy S20 Ultra 5G,512,16,6.9,108+48+12+3D,5000,1399,https://image-us.samsung.com/us/smartphones/galaxy-s24/all-gallery/01_E3_TitaniumGray_Lockup_1600x1200.jpg?$product-card-small-jpg$,6,4,12,14,64
Xiaomi,Redmi Note 9S,128,6,6.67,48+8+5+2,5020,229,https://i02.appmifile.com/669_item_id/05/09/2024/81dcc3ebccfa92b5c364a77e3785bfae.png?thumb=1&w=500&f=webp&q=85,5,8,15,28,44
Apple,iPhone 12 mini,256,4,5.4,12+12,2227,899,https://store.storeimages.cdn-apple.com/4982/as-images.apple.com/is/iphone-card-40-iphone16prohero-202409?wid=680&hei=528&fmt=p-jpg&qlt=95&.v=1725567335931,7,7,11,25,50
Samsung,Galaxy A21s,128,6,6.5,48+8+2+2,5000,199,https://image-us.samsung.com/us/smartphones/galaxy-s24/all-gallery/01_E3_TitaniumGray_Lockup_1600x1200.jpg?$product-card-small-jpg$,5,4,6,22,62
OnePlus,9,128,8,6.55,48+50+2,4500,729,"https://image01-eu.oneplus.net/media/202407/12/88a5d58ec62e1ad07ca2a9ec6a7a9fdd.png?x-amz-process=image/format,webp/quality,Q_80",7,6,19,30,38
Motorola,Moto G9 Power,128,4,6.8,64+2+2,6000,229,https://motorolaus.vtexassets.com/arquivos/ids/164160/motorola-g-play-2024-ecom-render-1-sapphire-blue-axdwcq6e.png?v=638410050598800000?w=640&q=75,9,14,25,24,28
Samsung,Galaxy Z Fold2 5G,256,12,7.6 (unfolded),12+12+12,4500,1999,https://image-us.samsung.com/us/smartphones/galaxy-s24/all-gallery/01_E3_TitaniumGray_Lockup_1600x1200.jpg?$product-card-small-jpg$,9,5,11,18,57
Xiaomi,Mi 10T Pro 5G,128,8,6.67,108+13+5,5000,599,https://i02.appmifile.com/669_item_id/05/09/2024/81dcc3ebccfa92b5c364a77e3785bfae.png?thumb=1&w=500&f=webp&q=85,7,4,19,30,41
Oppo,Reno4 Pro 5G,256,12,6.5,48+13+12+2,4000,799,https://thumbor.oppo.co.id/unsafe/533x533/filters:format(webp):quality(80)/cdn.oppo.co.id/media/catalog/product/h/p/hp-reno12-5g-12-256-silver-oppo-reno12-5g-cph2625-euna-256gb-12gb-astro-silver-id.jpg,2,16,25,30,27
Huawei,P40 Pro,256,8,6.58,50+12+40+3D,4200,999,https://consumer.huawei.com/content/dam/huawei-cbg-site/common/mkt/plp/phones-20230509/mate-series/mate50-pro.png,3,17,26,23,31
Samsung,Galaxy S20 FE 5G,128,6,6.5,12+12+8,4500,699,https://image-us.samsung.com/us/smartphones/galaxy-s24/all-gallery/01_E3_TitaniumGray_Lockup_1600x1200.jpg?$product-card-small-jpg$,5,6,9,24,55
Nokia,2.4,32,2,6.5,13+2,4500,139,https://images.ctfassets.net/wcfotm6rrl7u/4Sbv0SYKWTkKEjD0nwHfqy/596676961398a384de07d924e8d29ae3/nokia-C12-dark_cyan-front_back-int.png?h=600&fm=avif,2,14,27,29,28
Apple,iPhone SE (2020),128,3,4.7,12,1821,449,https://store.storeimages.cdn-apple.com/4982/as-images.apple.com/is/iphone-card-40-iphone16prohero-202409?wid=680&hei=528&fmt=p-jpg&qlt=95&.v=1725567335931,1,2,11,24,63
Xiaomi,Redmi 9C,64,3,6.53,13+2+2,5000,119,https://i02.appmifile.com/669_item_id/05/09/2024/81dcc3ebccfa92b5c364a77e3785bfae.png?thumb=1&w=500&f=webp&q=85,0,4,20,36,40
Samsung,Galaxy A32 5G,128,4,6.5,48+8+5+2,5000,279,https://image-us.samsung.com/us/smartphones/galaxy-s24/all-gallery/01_E3_TitaniumGray_Lockup_1600x1200.jpg?$product-card-small-jpg$,3,7,8,18,64
OnePlus,Nord N10 5G,128,6,6.49,64+8+2+2,4300,299,"https://image01-eu.oneplus.net/media/202407/12/88a5d58ec62e1ad07ca2a9ec6a7a9fdd.png?x-amz-process=image/format,webp/quality,Q_80",8,2,17,31,42
Huawei,Y7p,64,4,6.39,48+8+2,4000,199,https://consumer.huawei.com/content/dam/huawei-cbg-site/common/mkt/plp/phones-20230509/mate-series/mate50-pro.png,7,14,25,18,35
Apple,iPhone 12 Pro,128,6,6.1,12+12+12,2815,999,https://store.storeimages.cdn-apple.com/4982/as-images.apple.com/is/iphone-card-40-iphone16prohero-202409?wid=680&hei=528&fmt=p-jpg&qlt=95&.v=1725567335931,8,7,4,18,63
Samsung,Galaxy A42 5G,128,4,6.6,48+8+5+5,5000,329,https://image-us.samsung.com/us/smartphones/galaxy-s24/all-gallery/01_E3_TitaniumGray_Lockup_1600x1200.jpg?$product-card-small-jpg$,3,9,9,18,61
Xiaomi,Redmi Note 10 Pro,128,6,6.67,108+8+5+2,5020,329,https://i02.appmifile.com/669_item_id/05/09/2024/81dcc3ebccfa92b5c364a77e3785bfae.png?thumb=1&w=500&f=webp&q=85,4,7,19,30,40
Samsung,Galaxy S21,128,8,6.2,64+12+12,4000,799,https://image-us.samsung.com/us/smartphones/galaxy-s24/all-gallery/01_E3_TitaniumGray_Lockup_1600x1200.jpg?$product-card-small-jpg$,0,4,8,24,64
Apple,iPhone 11,128,4,6.1,12+12,3110,749,https://store.storeimages.cdn-apple.com/4982/as-images.apple.com/is/iphone-card-40-iphone16prohero-202409?wid=680&hei=528&fmt=p-jpg&qlt=95&.v=1725567335931,2,9,6,20,63
Xiaomi,Redmi 9T,128,4,6.53,48+8+2+2,6000,199,https://i02.appmifile.com/669_item_id/05/09/2024/81dcc3ebccfa92b5c364a77e3785bfae.png?thumb=1&w=500&f=webp&q=85,7,4,24,29,37
Google,Pixel 5,128,8,6,12.2+16,4080,699,https://lh3.googleusercontent.com/lA9N8SRML5QcGozPoXUWgcDEBsOtuyu6MgYJmm8nOzVtwc52GTu7fNhPp16fFsxxjxs4zwDDAv-1VbTO1CR0HYHsGxIcLG_z_IiS,2,13,28,26,32
Huawei,Nova 7i,128,8,6.4,48+8+2+2,4200,349,https://consumer.huawei.com/content/dam/huawei-cbg-site/common/mkt/plp/phones-20230509/mate-series/mate50-pro.png,6,16,24,26,28
Samsung,Galaxy S20 Ultra 5G,128,12,6.9,108+48+12+0.3,5000,1199,https://image-us.samsung.com/us/smartphones/galaxy-s24/all-gallery/01_E3_TitaniumGray_Lockup_1600x1200.jpg?$product-card-small-jpg$,1,7,9,21,63
OnePlus,8T,128,8,6.55,48+16+5+2,4500,749,"https://image01-eu.oneplus.net/media/202407/12/88a5d58ec62e1ad07ca2a9ec6a7a9fdd.png?x-amz-process=image/format,webp/quality,Q_80",3,6,20,31,40
Motorola,Moto G8 Power,64,4,6.4,16+8+8+2,5000,200,https://motorolaus.vtexassets.com/arquivos/ids/164160/motorola-g-play-2024-ecom-render-1-sapphire-blue-axdwcq6e.png?v=638410050598800000?w=640&q=75,5,11,20,30,33
Realme,7,128,8,6.5,64+8+2+2,5000,299,https://image01.realme.net/general/20241009/1728446097174f15a74e9da3345d09192f17d6fea38de.png?width=1440&height=1440&size=1427135,0,18,24,29,28
Apple,iPhone XR,128,3,6.1,12+12,2942,599,https://store.storeimages.cdn-apple.com/4982/as-images.apple.com/is/iphone-card-40-iphone16prohero-202409?wid=680&hei=528&fmt=p-jpg&qlt=95&.v=1725567335931,0,6,8,19,67
Xiaomi,Poco M3,128,4,6.53,48+2+2,6000,149,https://i02.appmifile.com/669_item_id/05/09/2024/81dcc3ebccfa92b5c364a77e3785bfae.png?thumb=1&w=500&f=webp&q=85,9,7,19,28,38
Samsung,Galaxy A52 5G,128,6,6.5,64+12+5+5,4500,449,https://image-us.samsung.com/us/smartphones/galaxy-s24/all-gallery/01_E3_TitaniumGray_Lockup_1600x1200.jpg?$product-card-small-jpg$,5,7,11,21,57
Oppo,A93,128,8,6.43,48+8+2+2,4000,319,https://thumbor.oppo.co.id/unsafe/533x533/filters:format(webp):quality(80)/cdn.oppo.co.id/media/catalog/product/h/p/hp-reno12-5g-12-256-silver-oppo-reno12-5g-cph2625-euna-256gb-12gb-astro-silver-id.jpg,7,13,21,24,35
Motorola,Moto G Pro,128,4,6.4,48+16+2,4000,329,https://motorolaus.vtexassets.com/arquivos/ids/164160/motorola-g-play-2024-ecom-render-1-sapphire-blue-axdwcq6e.png?v=638410050598800000?w=640&q=75,7,16,22,24,31
Huawei,P30 Lite,128,4,6.15,48+8+2,3340,329,https://consumer.huawei.com/content/dam/huawei-cbg-site/common/mkt/plp/phones-20230509/mate-series/mate50-pro.png,5,15,25,24,30
Samsung,Galaxy Note20 5G,128,8,6.7,12+64+12,4300,1049,https://image-us.samsung.com/us/smartphones/galaxy-s24/all-gallery/01_E3_TitaniumGray_Lockup_1600x1200.jpg?$product-card-small-jpg$,4,9,9,21,57
Xiaomi,Mi 10 Lite 5G,128,6,6.57,48+8+2+2,4160,349,https://i02.appmifile.com/669_item_id/05/09/2024/81dcc3ebccfa92b5c364a77e3785bfae.png?thumb=1&w=500&f=webp&q=85,6,9,18,27,40
Apple,iPhone 12 Pro Max,128,6,6.7,12+12+12,3687,1099,https://store.storeimages.cdn-apple.com/4982/as-images.apple.com/is/iphone-card-40-iphone16prohero-202409?wid=680&hei=528&fmt=p-jpg&qlt=95&.v=1725567335931,9,6,8,22,55
Oppo,Reno3,128,8,6.4,48+13+8+2,4025,429,https://thumbor.oppo.co.id/unsafe/533x533/filters:format(webp):quality(80)/cdn.oppo.co.id/media/catalog/product/h/p/hp-reno12-5g-12-256-silver-oppo-reno12-5g-cph2625-euna-256gb-12gb-astro-silver-id.jpg,1,18,28,26,27
Samsung,Galaxy S10 Lite,128,6,6.7,48+12+5,4500,649,https://image-us.samsung.com/us/smartphones/galaxy-s24/all-gallery/01_E3_TitaniumGray_Lockup_1600x1200.jpg?$product-card-small-jpg$,9,4,8,24,56
